ticker,date,form_type,total_words,lm_pos_pct,lm_neg_pct,lm_uncertain_pct,lm_litigious,lm_sentiment_score,lm_neg_pct_qoq_delta,lm_uncertain_pct_qoq_delta,lm_sentiment_score_qoq_delta,anomalies,anomaly_count,risk_level
KO,1994-03-14,10-K,5652,1.2562,0.3008,1.6631,25,0.9554,,,,[],0,NORMAL
KO,1994-05-06,10-Q,2312,2.5519,0.9083,0.5623,13,1.6436,201.96143617021272,-66.1896458421021,72.03265647896167,[],0,NORMAL
KO,1994-08-10,10-Q,2779,3.0946,0.7197,0.5398,23,2.375,-20.7640647363206,-4.001422728081109,44.49987831589195,[],0,NORMAL
KO,1994-11-14,10-Q,2981,3.0191,0.6709,0.5703,25,2.3482,-6.780603029039871,5.6502408299370295,-1.1284210526315854,[],0,NORMAL
KO,1995-05-11,10-Q,1860,3.4409,0.4839,0.4301,13,2.957,-27.87300640930094,-24.58355251621954,25.926241376373394,[],0,NORMAL
KO,1995-08-11,10-Q,2278,3.1168,0.2195,0.5707,18,2.8973,-54.63938830336846,32.69007207626133,-2.018938112952312,[],0,NORMAL
KO,1995-11-13,10-Q,2518,2.9786,0.1589,0.7546,19,2.8197,-27.60820045558086,32.22358507096549,-2.6783557104890723,[],0,NORMAL
KO,1996-05-10,10-Q,2002,3.1469,0.7493,0.5495,11,2.3976,371.5544367526745,-27.179962894248614,-14.969677625279282,[],0,NORMAL
KO,1996-08-13,10-Q,2399,3.0429,0.3335,0.6253,16,2.7095,-55.49179233951688,13.7943585077343,13.008842175508825,[],0,NORMAL
KO,1996-11-14,10-Q,4144,2.4373,0.8446,1.2066,23,1.5927,153.25337331334333,92.96337757876219,-41.21793688872486,"['Uncertainty', 'Sentiment Score', 'Positive Language']",3,HIGH
KO,1997-05-13,10-Q,2047,2.8334,0.7328,0.6351,13,2.1006,-13.23703528297419,-47.364495275982094,31.88924467884724,[],0,NORMAL
KO,1997-08-14,10-Q,2997,2.7694,0.4004,1.3013,16,2.369,-45.36026200873363,104.89686663517554,12.777301723317155,['Uncertainty'],1,WATCH
KO,1997-11-13,10-Q,4087,2.3978,0.7096,1.6638,24,1.6883,77.22277722277724,27.856758625989404,-28.733642887294224,"['Uncertainty', 'Litigation Count', 'Sentiment Score', 'Positive Language']",4,HIGH
KO,1998-03-09,10-K,751,0.7989,0.0,0.9321,1,0.7989,-100.0,-43.97764154345474,-52.68021086299828,"['Sentiment Score', 'Positive Language']",2,ELEVATED
KO,1998-05-12,10-Q,1737,3.1088,1.0363,0.5757,1,2.0725,,-38.236240746701,159.4192014019276,['Negative Language'],1,WATCH
KO,1998-08-14,10-Q,3534,2.1505,0.5376,1.4997,3,1.6129,-48.12313036765416,160.50026055237103,-22.176115802171285,[],0,NORMAL
KO,1998-11-12,10-Q,5177,1.7191,0.8885,2.1827,8,0.8306,65.27157738095238,45.54244182169768,-48.50269700539401,"['Uncertainty', 'Sentiment Score']",2,ELEVATED
KO,1999-03-29,10-K,667,0.8996,0.0,0.8996,1,0.8996,-100.0,-58.784991066110784,8.307247772694431,['Positive Language'],1,WATCH
KO,1999-08-12,10-Q,4861,1.3372,1.1109,1.6458,12,0.2263,,82.94797687861272,-74.84437527790129,['Sentiment Score'],1,WATCH
KO,1999-11-03,10-Q,5385,1.5227,0.9471,1.7827,13,0.5757,-14.744801512287331,8.318143152266376,154.39681838267785,[],0,NORMAL
KO,2000-03-09,10-K,739,0.8119,0.0,0.8119,1,0.8119,-100.0,-54.45672294833679,41.02831335765155,[],0,NORMAL
KO,2000-07-27,10-Q,5387,2.1905,1.8749,1.4108,32,0.3156,,73.76524202487992,-61.12821776080798,"['Negative Language', 'Litigation Count']",2,ELEVATED
KO,2000-10-27,10-Q,5780,2.301,1.436,1.6955,34,0.8651,-23.409248493252978,20.180039693790754,174.11280101394172,['Litigation Count'],1,WATCH
KO,2001-03-07,10-K,949,0.9484,0.1054,0.7376,1,0.843,-92.66016713091922,-56.49660867000884,-2.554617963241245,[],0,NORMAL
KO,2001-08-14,10-Q,5510,2.2868,1.4882,1.5971,16,0.7985,1311.954459203036,116.52657266811279,-5.278766310794778,[],0,NORMAL
KO,2001-11-13,10-Q,6047,2.3648,1.2734,1.8356,12,1.0915,-14.433543878510946,14.933316636403477,36.6938008766437,[],0,NORMAL
KO,2002-03-11,10-K,1176,1.6156,0.1701,0.6803,1,1.4456,-86.64206062509817,-62.938548703421226,32.4415941365094,[],0,NORMAL
KO,2002-08-13,10-Q,7033,2.9575,1.2228,1.5925,9,1.7347,618.8712522045856,134.08790239600177,19.99861649142224,[],0,NORMAL
KO,2002-11-13,10-Q,4373,2.4697,1.212,1.6236,1,1.2577,-0.8832188420019742,1.9529042386185185,-27.49755000864702,[],0,NORMAL
KO,2003-03-26,10-K,1091,1.6499,0.0,0.9166,1,1.6499,-100.0,-43.545208179354525,31.183907132066462,[],0,NORMAL
KO,2003-08-13,10-Q,4618,1.8623,1.2126,2.0788,14,0.6496,,126.7946759764347,-60.627916843445064,"['Uncertainty', 'Sentiment Score']",2,ELEVATED
KO,2003-10-27,10-Q,5224,2.0291,1.3017,2.4311,13,0.7274,7.347847600197937,16.947277275351144,11.97660098522169,['Uncertainty'],1,WATCH
KO,2004-02-27,10-K,651,2.6114,0.1536,0.768,1,2.4578,-88.20004609356995,-68.40936201719387,237.88836953533132,[],0,NORMAL
KO,2004-04-29,10-Q,1661,1.6255,0.5418,2.4684,2,1.0837,252.734375,221.40624999999997,-55.907722353324104,['Uncertainty'],1,WATCH
KO,2004-08-05,10-Q,1670,1.8563,0.7186,2.3952,2,1.1377,32.63196751568846,-2.965483714146813,4.982928854849112,[],0,NORMAL
KO,2004-10-28,10-Q,1739,1.8976,0.6901,2.3577,2,1.2076,-3.966045087670466,-1.5656312625250537,6.143974685769542,[],0,NORMAL
KO,2005-03-04,10-K,681,2.79,0.1468,0.8811,1,2.6432,-78.72772062019997,-62.62883318488357,118.88042398145082,[],0,NORMAL
KO,2005-04-28,10-Q,2134,1.4527,0.656,2.343,2,0.7966,346.8664850136239,165.9176029962547,-69.86228813559322,[],0,NORMAL
KO,2005-08-01,10-Q,14960,1.9118,1.3904,1.9118,191,0.5214,111.95121951219514,-18.403755868544604,-34.546824002008535,"['Negative Language', 'Litigation Count']",2,ELEVATED
KO,2005-10-27,10-Q,16002,2.0247,1.7185,2.331,163,0.3062,23.597525891829676,21.926979809603516,-41.273494438051394,"['Negative Language', 'Litigation Count']",2,ELEVATED
KO,2006-04-27,10-Q,9273,1.8117,1.348,1.8117,106,0.4637,-21.559499563572874,-22.277992277992272,51.436969301110366,[],0,NORMAL
KO,2006-07-27,10-Q,12931,2.1112,1.4461,1.8173,162,0.6651,7.2774480712166065,0.3091019484462012,43.433254259219325,[],0,NORMAL
KO,2008-02-28,10-K,1338,1.2706,0.2242,2.1674,2,1.0463,-84.49623124265266,19.264843449072817,57.31468952037287,['Positive Language'],1,WATCH
KO,2021-02-25,10-K,1300,0.3846,0.0,1.1538,1,0.3846,-100.0,-46.76571006736182,-63.24190002867246,['Positive Language'],1,WATCH
KO,2021-04-27,10-Q,25709,2.4272,1.832,1.5053,215,0.5951,,30.464551915409967,54.7321892875715,['Litigation Count'],1,WATCH
KO,2021-07-26,10-Q,30021,3.1578,2.0819,1.2358,241,1.0759,13.640829694323145,-17.90340795854647,80.79314400941021,[],0,NORMAL
KO,2021-10-28,10-Q,31797,3.1512,2.1669,1.3397,240,0.9844,4.082808972573129,8.407509305712889,-8.504507853889768,[],0,NORMAL
KO,2022-02-22,10-K,1264,0.3956,0.0,1.1867,1,0.3956,-100.0,-11.420467268791507,-59.813084112149525,['Positive Language'],1,WATCH
KO,2022-04-28,10-Q,22905,2.589,1.7944,1.5019,214,0.7946,,26.561051655852356,100.85945399393326,[],0,NORMAL
KO,2022-07-27,10-Q,27499,3.0292,2.1746,1.2619,236,0.8546,21.188140882746314,-15.979758971968838,7.550969041026939,[],0,NORMAL
KO,2022-10-26,10-Q,27730,3.0328,2.189,1.2081,231,0.8439,0.6621907477237281,-4.263412314763458,-1.2520477416335176,[],0,NORMAL
KO,2023-02-21,10-K,1237,0.4042,0.0,1.2126,1,0.4042,-100.0,0.37248572138067615,-52.103329778409766,['Positive Language'],1,WATCH
KO,2023-04-26,10-Q,22640,2.4514,1.6829,1.4178,211,0.7686,,16.92231568530431,90.15338941118257,[],0,NORMAL
KO,2023-07-27,10-Q,27172,2.8816,2.1198,1.2255,239,0.7618,25.961138510903798,-13.563267033432073,-0.8847254748893986,[],0,NORMAL
KO,2023-10-24,10-Q,27218,2.8951,2.0575,1.2565,236,0.8377,-2.9389565053306925,2.529579763361886,9.963244946180096,[],0,NORMAL
KO,2024-02-20,10-K,1189,0.4205,0.0,1.2616,1,0.4205,-100.0,0.4058893752487151,-49.80303211173451,['Positive Language'],1,WATCH
KO,2024-05-02,10-Q,23611,2.4904,1.6306,1.3172,204,0.8598,,4.407102092580839,104.47086801426875,[],0,NORMAL
KO,2024-07-29,10-Q,28935,2.8616,2.0667,1.1543,255,0.7949,26.744756531338155,-12.367142423322186,-7.548267038846239,[],0,NORMAL
KO,2024-10-24,10-Q,29729,2.8356,2.0855,1.0663,244,0.7501,0.9096627473750497,-7.623668023910602,-5.63592904767896,[],0,NORMAL
KO,2025-02-20,10-K,1105,0.4525,0.0,1.3575,1,0.4525,-100.0,27.30938760198817,-39.67471003866151,['Positive Language'],1,WATCH
KO,2025-05-01,10-Q,23334,2.2414,1.6928,1.2814,231,0.5486,,-5.605893186003671,21.237569060773474,[],0,NORMAL
KO,2025-07-24,10-Q,27636,2.5402,2.0842,1.1507,253,0.4559,23.121455576559544,-10.199781488996413,-16.897557418884425,[],0,NORMAL
KO,2025-10-23,10-Q,29135,2.5914,1.8294,1.1258,268,0.762,-12.225314269263993,-2.163900234639797,67.1419170870805,[],0,NORMAL
JNJ,1994-05-13,10-Q,1407,3.4826,0.924,0.2843,1,2.5586,,,,[],0,NORMAL
JNJ,1994-07-08,10-Q,1680,3.1548,1.0119,0.2381,3,2.1429,9.512987012987011,-16.25043967639817,-16.24716641913547,[],0,NORMAL
JNJ,1994-07-08,10-Q,1828,3.0088,0.9847,0.3282,3,2.0241,-2.688012649471292,37.84124317513649,-5.543889122217567,[],0,NORMAL
JNJ,1994-07-12,10-Q,1402,3.5663,0.8559,0.214,1,2.7104,-13.08012592667818,-34.795856185252894,33.906427548046054,[],0,NORMAL
JNJ,1994-08-12,10-Q,1522,3.4166,0.3942,0.3942,1,3.0223,-53.94321766561514,84.2056074766355,11.507526564344749,['Uncertainty'],1,WATCH
JNJ,1994-11-14,10-Q,1891,3.0672,0.2644,0.4231,2,2.8027,-32.92744799594114,7.331303906646368,-7.265989478211951,['Uncertainty'],1,WATCH
JNJ,1995-05-12,10-Q,1384,3.4682,0.578,0.289,2,2.8902,118.60816944024202,-31.694634838099738,3.1219895101152426,[],0,NORMAL
JNJ,1995-08-11,10-Q,1742,3.6165,0.2296,0.1722,1,3.3869,-60.27681660899653,-40.41522491349481,17.185661891910584,[],0,NORMAL
JNJ,1995-11-13,10-Q,2239,3.5284,0.268,0.6699,1,3.2604,16.724738675958196,289.0243902439025,-3.7349788892497453,['Uncertainty'],1,WATCH
JNJ,1996-05-10,10-Q,1679,3.2758,0.5956,0.4765,2,2.6802,122.23880597014924,-28.869980594118534,-17.795362532204635,[],0,NORMAL
JNJ,1996-08-09,10-Q,1776,3.1532,0.3941,0.2815,1,2.759,-33.83143049026192,-40.923399790136415,2.940079098574724,[],0,NORMAL
JNJ,1996-11-12,10-Q,1933,3.104,0.3104,0.3104,1,2.7936,-21.2382643998985,10.266429840142111,1.2540775643349107,[],0,NORMAL
JNJ,1997-05-09,10-Q,1542,3.1777,0.454,0.5188,1,2.7237,46.26288659793815,67.13917525773196,-2.5021477663230267,[],0,NORMAL
JNJ,1997-08-08,10-Q,1324,2.2659,0.4532,0.3776,1,1.8127,-0.17621145374449843,-27.21665381649962,-33.44714909865257,"['Sentiment Score', 'Positive Language']",2,ELEVATED
JNJ,1997-11-07,10-Q,1408,2.0597,0.7102,0.4261,1,1.3494,56.70785525154458,12.844279661016946,-25.558559055552493,"['Negative Language', 'Sentiment Score', 'Positive Language']",3,HIGH
JNJ,1998-05-11,10-Q,951,2.103,0.9464,0.9464,1,1.1567,33.25823711630526,122.10748650551515,-14.280420927819762,"['Negative Language', 'Uncertainty', 'Sentiment Score', 'Positive Language']",4,HIGH
JNJ,1998-08-07,10-Q,1038,2.5048,1.2524,0.8671,1,1.2524,32.33305156382079,-8.379120879120883,8.2735367856834,"['Negative Language', 'Uncertainty']",2,ELEVATED
JNJ,1998-11-10,10-Q,1016,2.5591,1.1811,0.8858,1,1.378,-5.693069306930687,2.1566140006919676,10.028744809964863,['Negative Language'],1,WATCH
JNJ,1999-05-17,10-Q,847,2.4793,0.7084,0.7084,2,1.771,-40.02201337736009,-20.02709415217882,28.519593613933242,[],0,NORMAL
JNJ,2001-05-14,10-Q,1964,2.1894,0.7637,0.9674,2,1.4257,7.806324110671939,36.56126482213439,-19.49745906267645,['Litigation Count'],1,WATCH
JNJ,2001-11-13,10-Q,1973,2.2808,0.963,0.7603,3,1.3178,26.09663480424249,-21.407897457101516,-7.568212106333723,['Litigation Count'],1,WATCH
JNJ,2002-05-14,10-Q,1440,2.1528,1.1111,0.9028,2,1.0417,15.379023883696782,18.742601604629762,-20.95158597662771,['Sentiment Score'],1,WATCH
JNJ,2004-05-05,10-Q,1723,2.3215,1.2768,0.9286,2,1.0447,14.913149131491313,2.857775808595473,0.2879907842948921,['Negative Language'],1,WATCH
JNJ,2004-11-03,10-Q,2651,1.8861,1.0562,1.0939,3,0.8299,-17.277568922305758,17.800990738746513,-20.56092658179382,"['Uncertainty', 'Litigation Count', 'Sentiment Score', 'Positive Language']",4,HIGH
JNJ,2005-05-10,10-Q,1815,2.0937,1.2121,0.9366,2,0.8815,14.760462033705728,-14.379742206783078,6.217616580310879,[],0,NORMAL
JNJ,2005-11-07,10-Q,2005,1.8454,1.6459,1.197,4,0.1995,35.78912630971042,27.80269058295965,-77.36812251843448,"['Negative Language', 'Uncertainty', 'Litigation Count', 'Sentiment Score', 'Positive Language']",5,HIGH
JNJ,2006-03-14,10-K,590,0.8475,0.1695,2.3729,0,0.678,-89.70168296980376,98.23725981620719,239.84962406015038,"['Uncertainty', 'Positive Language']",2,ELEVATED
JNJ,2007-02-21,10-K,602,0.8306,0.1661,2.3256,0,0.6645,-2.0058997050147576,-1.9933414808883603,-1.9911504424778859,"['Uncertainty', 'Positive Language']",2,ELEVATED
JNJ,2007-05-10,10-Q,1837,2.0686,0.9799,0.9799,2,1.0887,489.94581577363033,-57.864637082903336,63.83747178329572,[],0,NORMAL
JNJ,2007-11-06,10-Q,2586,1.8948,1.3921,0.8507,2,0.5027,42.06551688947851,-13.185018879477495,-53.825663635528606,[],0,NORMAL
JNJ,2008-02-26,10-K,658,0.7599,0.304,2.1277,0,0.4559,-78.162488326988,150.11167274009637,-9.309727471653074,['Positive Language'],1,WATCH
JNJ,2008-05-07,10-Q,5791,0.7771,1.5714,0.9152,141,-0.7943,416.9078947368421,-56.986417258072095,-274.2268041237113,"['Litigation Count', 'Sentiment Score']",2,ELEVATED
JNJ,2008-08-04,10-Q,6177,0.858,1.5542,0.9552,144,-0.6961,-1.0945653557337331,4.370629370629374,12.363086994838216,"['Litigation Count', 'Sentiment Score']",2,ELEVATED
JNJ,2008-11-04,10-Q,6700,0.8209,1.6716,1.0,154,-0.8507,7.553725389267788,4.690117252931318,-22.209452664847,"['Litigation Count', 'Sentiment Score']",2,ELEVATED
JNJ,2009-02-20,10-K,523,1.1472,0.3824,3.4417,0,0.7648,-77.12371380713088,244.17,189.90243329023156,['Uncertainty'],1,WATCH
JNJ,2009-05-05,10-Q,7240,1.174,1.4917,1.2293,167,-0.3177,290.0889121338912,-64.2821861289479,-141.5402719665272,[],0,NORMAL
JNJ,2009-08-04,10-Q,13974,1.5744,1.7246,0.9875,214,-0.1503,15.61305892605751,-19.669730741072154,52.69121813031161,['Litigation Count'],1,WATCH
JNJ,2009-11-04,10-Q,15137,1.5062,1.711,0.8919,248,-0.2048,-0.7885886582395822,-9.68101265822785,-36.26081170991352,['Litigation Count'],1,WATCH
JNJ,2010-03-01,10-K,689,0.7257,0.1451,2.4673,0,0.5806,-91.51957919345412,176.63415181074106,383.49609374999994,[],0,NORMAL
JNJ,2010-05-10,10-Q,12109,1.6021,1.7177,1.1727,228,-0.1156,1083.8042729152307,-52.47031167673164,-119.91043747847054,[],0,NORMAL
JNJ,2010-08-11,10-Q,14122,1.7136,1.7207,1.1259,278,-0.0071,0.17465215113232183,-3.990790483499631,93.85813148788927,[],0,NORMAL
JNJ,2010-11-10,10-Q,15493,1.704,1.7169,1.2005,316,-0.0129,-0.22084035566919297,6.625810462740919,-81.69014084507042,[],0,NORMAL
JNJ,2011-02-25,10-K,657,0.761,0.3044,2.7397,0,0.4566,-82.2703710175316,128.21324448146606,3639.5348837209303,['Positive Language'],1,WATCH
JNJ,2011-05-10,10-Q,14940,1.593,2.0013,1.1245,364,-0.4083,557.4572930354797,-58.955360075920716,-189.42181340341654,['Litigation Count'],1,WATCH
JNJ,2011-08-09,10-Q,17810,1.6788,1.9315,1.1679,407,-0.2527,-3.4877329735671854,3.8594931080480106,38.10923340680873,[],0,NORMAL
JNJ,2011-11-08,10-Q,19259,1.646,1.916,1.1787,430,-0.27,-0.8024851151954476,0.9247367069098504,-6.846062524732901,[],0,NORMAL
JNJ,2012-02-23,10-K,767,1.043,0.3911,2.3468,0,0.6519,-79.58768267223381,99.10070416560616,341.44444444444446,[],0,NORMAL
JNJ,2012-05-07,10-Q,16991,1.4184,2.1541,1.1477,414,-0.7357,450.7798517003324,-51.095108232486794,-212.8547323209081,['Sentiment Score'],1,WATCH
JNJ,2012-08-02,10-Q,21931,1.4044,1.9881,1.1947,466,-0.5836,-7.706234622348086,4.095146815369883,20.674187848307735,[],0,NORMAL
JNJ,2012-11-09,10-Q,23818,1.3813,1.9229,1.1294,498,-0.5416,-3.279513102962624,-5.465807315644105,7.196710075394113,[],0,NORMAL
JNJ,2013-02-22,10-K,636,0.7862,0.4717,2.673,1,0.3145,-75.46934317957252,136.67434035771205,158.06868537666173,"['Uncertainty', 'Positive Language']",2,ELEVATED
JNJ,2013-05-03,10-Q,19032,1.5027,1.9651,1.24,450,-0.4624,316.59953360186563,-53.610175832398056,-247.027027027027,[],0,NORMAL
JNJ,2013-08-01,10-Q,22420,1.6459,1.8689,1.1418,478,-0.223,-4.895425169202587,-7.919354838709683,51.773356401384085,[],0,NORMAL
JNJ,2013-11-04,10-Q,22744,1.596,1.9434,1.0288,493,-0.3473,3.9863021028412438,-9.896654405324925,-55.73991031390134,[],0,NORMAL
JNJ,2014-02-21,10-K,661,0.7564,0.4539,2.5719,1,0.3026,-76.64402593393022,149.9902799377916,187.1292830405989,"['Uncertainty', 'Positive Language']",2,ELEVATED
JNJ,2014-05-02,10-Q,16738,1.4817,2.0134,1.165,378,-0.5317,343.5778805904384,-54.70274894047202,-275.71050892267016,[],0,NORMAL
JNJ,2014-08-01,10-Q,20433,1.7423,1.9968,1.0033,438,-0.2545,-0.8244760107281192,-13.879828326180252,52.13466240361105,[],0,NORMAL
JNJ,2014-10-30,10-Q,21761,1.5854,2.1231,0.9834,495,-0.5377,6.325120192307697,-1.9834545998205948,-111.27701375245577,[],0,NORMAL
JNJ,2015-02-24,10-K,632,0.7911,0.4747,2.6899,1,0.3165,-77.6411850595827,173.5306080943665,158.86181885809933,"['Uncertainty', 'Positive Language']",2,ELEVATED
JNJ,2015-05-01,10-Q,18105,1.3919,2.2259,1.2428,439,-0.834,368.9066779018328,-53.797538941968114,-363.50710900473933,['Sentiment Score'],1,WATCH
JNJ,2015-07-31,10-Q,20340,1.4995,2.2124,1.2144,441,-0.7129,-0.6064962487083906,-2.28516253620856,14.520383693045563,[],0,NORMAL
JNJ,2015-10-30,10-Q,21973,1.429,2.1708,1.115,478,-0.7418,-1.8803109745073359,-8.185111989459811,-4.053864497124426,[],0,NORMAL
JNJ,2016-02-24,10-K,626,0.7987,0.4792,2.7157,1,0.3195,-77.9251888704625,143.56053811659194,143.07090860070102,['Uncertainty'],1,WATCH
JNJ,2016-05-10,10-Q,19630,1.457,1.9868,1.3551,391,-0.5298,314.60767946577624,-50.101263026107446,-265.8215962441315,[],0,NORMAL
JNJ,2016-08-04,10-Q,22774,1.6774,1.9584,1.2163,403,-0.281,-1.4294342661566328,-10.24278651022065,46.961117402793505,[],0,NORMAL
JNJ,2016-11-04,10-Q,23202,1.7283,1.8921,1.1939,390,-0.1638,-3.385416666666668,-1.8416509084929686,41.70818505338079,[],0,NORMAL
JNJ,2017-02-27,10-K,660,0.7576,0.4545,2.8788,1,0.303,-75.97907087363247,141.12572242231343,284.98168498168496,"['Uncertainty', 'Positive Language']",2,ELEVATED
JNJ,2017-05-08,10-Q,20403,1.6174,1.8086,1.338,343,-0.1911,297.9317931793179,-53.52230095873281,-163.06930693069305,[],0,NORMAL
JNJ,2017-08-03,10-Q,23780,1.7115,1.6653,1.2153,344,0.0463,-7.923255556784252,-9.170403587443948,124.22815279958137,[],0,NORMAL
JNJ,2017-11-02,10-Q,24406,1.8561,1.598,1.2333,332,0.2581,-4.041313877379446,1.4811157738829932,457.45140388768897,[],0,NORMAL
JNJ,2018-02-21,10-K,704,1.2784,0.4261,3.125,1,0.8523,-73.33541927409262,153.38522662774668,230.2208446338628,['Uncertainty'],1,WATCH
JNJ,2018-05-01,10-Q,23972,1.6019,1.6269,1.2932,367,-0.025,281.81178127200195,-58.6176,-102.9332394696703,[],0,NORMAL
JNJ,2018-08-02,10-Q,27317,1.8633,1.6327,1.1897,400,0.2306,0.3565062388591817,-8.003402412619852,1022.3999999999999,[],0,NORMAL
JNJ,2018-10-31,10-Q,28820,1.7592,1.7314,1.1832,431,0.0278,6.045201200465487,-0.5463562242582122,-87.94449262792715,[],0,NORMAL
JNJ,2019-02-20,10-K,682,1.3196,0.4399,2.9326,1,0.8798,-74.59281506295484,147.85327924273156,3064.7482014388493,['Uncertainty'],1,WATCH
JNJ,2019-05-01,10-Q,24200,1.5207,1.9917,1.2107,485,-0.4711,352.7619913616731,-58.715815317465726,-153.54626051375314,['Sentiment Score'],1,WATCH
JNJ,2020-02-18,10-K,1509,0.5302,0.1988,1.1928,1,0.3313,-90.01857709494402,-1.4784835219294645,170.3247718106559,['Positive Language'],1,WATCH
JNJ,2020-07-24,10-Q,33710,1.3824,1.9312,1.0679,595,-0.5488,871.4285714285713,-10.471160295103957,-265.6504678539088,"['Litigation Count', 'Sentiment Score']",2,ELEVATED
JNJ,2020-10-23,10-Q,34041,1.4718,1.9124,1.0517,615,-0.4406,-0.9734879867439896,-1.5169959734057488,19.71574344023323,[],0,NORMAL
JNJ,2021-02-22,10-K,3905,0.128,0.0,0.4353,1,0.128,-100.0,-58.609869734715225,129.05129369042214,['Positive Language'],1,WATCH
JNJ,2021-04-30,10-Q,27525,1.4387,1.9183,1.1626,585,-0.4796,,167.08017459223527,-474.6875,[],0,NORMAL
JNJ,2021-07-29,10-Q,32761,1.6269,1.749,1.0531,610,-0.1221,-8.825522598133754,-9.418544641321189,74.54128440366972,[],0,NORMAL
JNJ,2021-10-29,10-Q,33699,1.5698,1.7627,1.0653,631,-0.1929,0.7833047455688864,1.1584844744088871,-57.985257985257974,[],0,NORMAL
JNJ,2022-02-17,10-K,3884,0.1287,0.0257,0.4377,2,0.103,-98.54200941737108,-58.91298225851873,153.3955417314671,['Positive Language'],1,WATCH
JNJ,2022-04-29,10-Q,28688,1.3455,1.8753,1.1677,646,-0.5298,7196.887159533074,166.78090015992692,-614.3689320388349,[],0,NORMAL
JNJ,2022-07-29,10-Q,34325,1.5091,1.783,1.0517,682,-0.2739,-4.921879166000109,-9.93405840541234,48.301245753114394,[],0,NORMAL
JNJ,2022-10-27,10-Q,35058,1.4918,1.7599,1.0354,711,-0.2681,-1.2955692652832247,-1.5498716363982106,2.1175611537057217,[],0,NORMAL
JNJ,2023-02-16,10-K,3782,0.1322,0.0264,0.4495,2,0.1058,-98.49991476788455,-56.5868263473054,139.46288698246923,['Positive Language'],1,WATCH
JNJ,2023-04-28,10-Q,26731,1.5488,1.6685,1.1934,490,-0.1197,6220.075757575758,165.49499443826474,-213.13799621928163,[],0,NORMAL
JNJ,2023-07-31,10-Q,31381,1.7144,1.4085,1.093,470,0.3059,-15.582858855259216,-8.412937824702533,355.55555555555554,[],0,NORMAL
JNJ,2023-10-27,10-Q,29666,1.9248,1.4023,1.1056,386,0.5225,-0.44018459353922496,1.152790484903929,70.80745341614906,[],0,NORMAL
JNJ,2024-02-16,10-K,3685,0.1357,0.0271,0.4613,2,0.1085,-98.06746060044213,-58.27604920405209,-79.23444976076554,['Positive Language'],1,WATCH
JNJ,2024-05-01,10-Q,23674,1.6938,1.7107,1.301,393,-0.0169,6212.5461254612555,182.02904834164318,-115.57603686635946,[],0,NORMAL
JNJ,2024-07-25,10-Q,28243,1.9191,1.5969,1.172,355,0.3222,-6.652247617934186,-9.915449654112223,2006.508875739645,[],0,NORMAL
JNJ,2024-10-23,10-Q,29160,1.893,1.5775,1.1385,376,0.3155,-1.2148537791971998,-2.8583617747440155,-2.079453755431404,[],0,NORMAL
JNJ,2025-02-13,10-K,3859,0.1296,0.0,0.4146,1,0.1296,-100.0,-63.583662714097485,-58.92234548335975,['Positive Language'],1,WATCH
JNJ,2025-04-23,10-Q,23409,1.7686,1.5934,1.2645,374,0.1751,,204.99276410998547,35.10802469135804,[],0,NORMAL
JNJ,2025-07-24,10-Q,27409,2.0431,1.4448,1.0982,323,0.5983,-9.325969624701886,-13.151443258204814,241.69046259280412,[],0,NORMAL
JNJ,2025-10-22,10-Q,27869,2.1135,1.3563,1.0657,335,0.7571,-6.125415282392028,-2.959388089601163,26.54186862777869,[],0,NORMAL
JNJ,2026-02-11,10-K,4086,0.1224,0.0,0.3916,1,0.1224,-100.0,-63.25419911795065,-83.83304715361247,['Positive Language'],1,WATCH
PG,1994-11-10,10-Q,738,4.065,0.813,0.813,0,3.252,,,,[],0,NORMAL
PG,1995-02-14,10-Q,994,5.1308,0.9054,1.006,0,4.2254,11.365313653136537,23.739237392373933,29.93234932349323,[],0,NORMAL
PG,1995-05-11,10-Q,1148,5.2265,1.2195,0.9582,1,4.007,34.691848906560644,-4.751491053677928,-5.168741420930561,[],0,NORMAL
PG,1995-11-13,10-Q,752,4.5213,0.7979,1.1968,0,3.7234,-34.571545715457155,24.90085577123774,-7.077614175193409,['Uncertainty'],1,WATCH
PG,1996-02-13,10-Q,863,5.3302,0.927,1.1587,0,4.4032,16.17997242762251,-3.1834893048128357,18.257506580007526,[],0,NORMAL
PG,1996-05-10,10-Q,902,5.6541,1.5521,0.8869,0,4.102,67.43257820927724,-23.45732286182791,-6.840479651162784,['Negative Language'],1,WATCH
PG,1996-11-13,10-Q,886,5.4176,1.4673,0.7901,0,3.9503,-5.46356549191418,-10.914421017025594,-3.6981960019502775,[],0,NORMAL
PG,1997-02-11,10-Q,991,5.2472,1.7154,0.6054,0,3.5318,16.908607646698016,-23.376787748386278,-10.594132091233574,['Negative Language'],1,WATCH
PG,1997-05-09,10-Q,1074,4.5624,1.1173,0.838,1,3.4451,-34.86650343943104,38.42087875784603,-2.45483889234951,['Litigation Count'],1,WATCH
PG,1997-11-14,10-Q,842,4.7506,0.4751,0.1188,0,4.2755,-57.47784838449833,-85.82338902147971,24.103799599431078,[],0,NORMAL
PG,1998-02-13,10-Q,932,5.2575,1.073,0.4292,0,4.1845,125.84719006524938,261.2794612794613,-2.128406034381948,[],0,NORMAL
PG,1998-05-14,10-Q,1000,4.8,1.1,0.3,0,3.7,2.51630941286115,-30.10251630941287,-11.578444258573299,[],0,NORMAL
PG,1998-11-05,10-Q,714,5.042,1.6807,0.0,3,3.3613,52.79090909090909,-100.0,-9.15405405405406,"['Litigation Count', 'Sentiment Score']",2,ELEVATED
PG,1999-02-05,10-Q,1109,4.5086,1.6231,0.541,0,2.8855,-3.4271434521330453,,-14.15523755689763,"['Sentiment Score', 'Positive Language']",2,ELEVATED
PG,1999-04-23,10-Q,1240,4.1129,1.5323,0.7258,0,2.5806,-5.594233257347051,34.158964879852114,-10.566626234621381,"['Sentiment Score', 'Positive Language']",2,ELEVATED
PG,1999-11-05,10-Q,1739,2.7602,1.4376,0.8626,0,1.3226,-6.1802519088951255,18.84816753926702,-48.74835309617918,"['Sentiment Score', 'Positive Language']",2,ELEVATED
PG,2000-01-27,10-Q,2148,3.7709,1.3501,0.6983,0,2.4209,-6.086533110740117,-19.047067006723857,83.0409798880992,[],0,NORMAL
PG,2000-04-28,10-Q,1822,2.7442,2.3052,0.6586,3,0.4391,70.74290793274572,-5.685235572103689,-81.86211739435747,"['Negative Language', 'Litigation Count', 'Sentiment Score', 'Positive Language']",4,HIGH
PG,2000-11-02,10-Q,1351,2.8868,2.1466,0.6662,0,0.7402,-6.880097171612021,1.1539629517157686,68.57207925301753,"['Negative Language', 'Sentiment Score']",2,ELEVATED
PG,2001-02-01,10-Q,1747,3.32,2.2324,0.6297,0,1.0876,3.9970185409484915,-5.4788351846292365,46.933261280734925,[],0,NORMAL
PG,2001-05-09,10-Q,1969,2.1838,2.0315,0.9142,0,0.1524,-8.99928328256586,45.18024456090201,-85.98749540272159,"['Sentiment Score', 'Positive Language']",2,ELEVATED
PG,2001-10-30,10-Q,1486,2.961,1.817,0.3365,0,1.144,-10.558700467634749,-63.19186173703785,650.6561679790026,[],0,NORMAL
PG,2002-02-05,10-Q,1270,4.7244,1.1024,0.0787,0,3.622,-39.3285635663181,-76.61218424962854,216.60839160839163,[],0,NORMAL
PG,2002-05-02,10-Q,1664,3.7861,2.1034,0.5409,1,1.6827,90.80188679245283,587.2935196950446,-53.54224185532854,[],0,NORMAL
PG,2002-09-12,10-K,529,0.9452,1.1342,1.1342,1,-0.189,-46.07777883426833,109.68755777408023,-111.231948653949,"['Uncertainty', 'Positive Language']",2,ELEVATED
PG,2002-10-31,10-Q,2007,5.2317,1.8435,0.3488,1,3.3881,62.537471345441695,-69.24704637630047,1892.6455026455028,[],0,NORMAL
PG,2003-01-29,10-Q,2128,4.4173,1.5038,0.5169,2,2.9135,-18.426905343097363,48.19380733944955,-14.007851007939557,['Litigation Count'],1,WATCH
PG,2003-04-29,10-Q,2029,4.3864,1.4786,0.5914,1,2.9078,-1.6757547546216327,14.41284581156897,-0.19564098163720742,[],0,NORMAL
PG,2003-09-11,10-K,726,1.2397,0.1377,1.9284,1,1.1019,-90.68713648045448,226.07372336827862,-62.10537175871793,"['Uncertainty', 'Positive Language']",2,ELEVATED
PG,2003-10-28,10-Q,1759,6.3104,1.535,0.6822,1,4.7754,1014.7421931735657,-64.62352209085253,333.37870950176966,[],0,NORMAL
PG,2004-02-03,10-Q,2831,6.7114,1.0597,0.5298,0,5.6517,-30.96416938110748,-22.339489885664022,18.350295263224016,[],0,NORMAL
PG,2004-04-30,10-Q,3804,5.7045,1.1567,0.5783,3,4.5478,9.153534019061995,9.154397885994712,-19.532176159385678,['Litigation Count'],1,WATCH
PG,2004-10-28,10-Q,1063,1.5992,0.1881,0.9407,0,1.4111,-83.73822080055331,62.666436105827415,-68.97181054575839,[],0,NORMAL
PG,2005-01-31,10-Q,1204,1.6611,0.1661,0.8306,0,1.495,-11.695906432748535,-11.704050175401294,5.945716108000856,[],0,NORMAL
PG,2005-05-09,10-Q,1293,1.4695,0.1547,0.8507,0,1.3148,-6.863335340156529,2.4199373946544678,-12.053511705685626,[],0,NORMAL
PG,2005-11-02,10-Q,1140,1.4035,0.1754,0.9649,0,1.2281,13.380736910148672,13.42423886211355,-6.594158807423183,[],0,NORMAL
PG,2006-01-30,10-Q,5392,4.9703,0.9829,0.5007,8,3.9874,460.37628278221206,-48.10861229142916,224.68040061884213,['Litigation Count'],1,WATCH
PG,2006-05-04,10-Q,6239,4.3597,1.2502,0.4488,13,3.1095,27.195035100213648,-10.36548831635711,-22.016853087224757,['Litigation Count'],1,WATCH
PG,2006-11-01,10-Q,6088,3.2852,0.6899,1.002,9,2.5953,-44.81682930731083,123.2620320855615,-16.53642064640618,[],0,NORMAL
PG,2007-01-31,10-Q,5642,5.016,0.9217,0.4077,6,4.0943,33.59907232932309,-59.31137724550899,57.75825530767155,[],0,NORMAL
PG,2007-05-02,10-Q,5177,5.1188,1.0817,0.4829,8,4.0371,17.35922751437563,18.44493500122639,-1.3970642112204754,[],0,NORMAL
PG,2007-08-28,10-K,517,0.9671,0.3868,2.3211,1,0.5803,-64.24147175741888,380.65852143300896,-85.62582051472592,"['Uncertainty', 'Sentiment Score']",2,ELEVATED
PG,2007-10-31,10-Q,6757,2.9007,0.9916,1.11,15,1.9091,156.3598759048604,-52.17784671061134,228.98500775460965,['Litigation Count'],1,WATCH
PG,2008-02-01,10-Q,5305,4.6937,1.2064,0.4336,7,3.4873,21.661960467930605,-60.93693693693694,82.66722539416477,[],0,NORMAL
PG,2008-05-01,10-Q,9533,3.3673,1.3007,0.8392,12,2.0665,7.816644562334223,93.54243542435424,-40.74212141198061,[],0,NORMAL
PG,2008-08-28,10-K,522,0.9579,0.3831,2.1073,1,0.5747,-70.54662873837164,151.1081982840801,-72.18969271715461,"['Uncertainty', 'Sentiment Score', 'Positive Language']",3,HIGH
PG,2008-10-30,10-Q,8871,2.7618,1.1273,1.5331,23,1.6345,194.25737405377185,-27.248137427039342,184.4092570036541,['Litigation Count'],1,WATCH
PG,2009-02-02,10-Q,11031,2.629,1.4686,1.3145,23,1.1604,30.27588042224784,-14.258691540016954,-29.005812174977052,"['Negative Language', 'Litigation Count']",2,ELEVATED
PG,2009-05-01,10-Q,12162,2.6147,1.924,1.258,25,0.6907,31.00912433610241,-4.2982122480030425,-40.47742157876595,"['Negative Language', 'Litigation Count']",2,ELEVATED
PG,2009-10-29,10-Q,10227,2.3565,1.4863,1.0463,25,0.8702,-22.74948024948025,-16.82829888712242,25.988127986101055,[],0,NORMAL
PG,2010-01-28,10-Q,4636,5.1337,2.006,0.3883,0,3.1277,34.96602301015945,-62.888272961865624,259.42312112158123,['Negative Language'],1,WATCH
PG,2010-04-30,10-Q,15128,3.3117,1.3683,1.2758,37,1.9434,-31.78963110667995,228.56039144990987,-37.864884739584994,['Litigation Count'],1,WATCH
PG,2010-10-28,10-Q,9001,2.7108,1.3776,1.1443,22,1.3332,0.6796755097566223,-10.307258190939015,-31.398579808582898,[],0,NORMAL
PG,2011-01-28,10-Q,14062,3.2357,1.6641,1.4934,48,1.5716,20.79703832752613,30.507733985842865,17.881788178817896,['Litigation Count'],1,WATCH
PG,2011-04-29,10-Q,12388,3.5357,1.4772,1.114,32,2.0584,-11.23129619614205,-25.40511584304272,30.97480274879102,[],0,NORMAL
PG,2011-08-10,10-K,505,0.7921,0.0,2.9703,0,0.7921,-100.0,166.63375224416515,-61.51865526622618,"['Uncertainty', 'Positive Language']",2,ELEVATED
PG,2011-10-27,10-Q,11286,3.1721,1.2316,1.7101,37,1.9405,,-42.42669090664243,144.98169423052641,[],0,NORMAL
PG,2012-01-27,10-Q,15766,3.1968,1.7316,1.4779,37,1.4652,40.59759662227996,-13.578153324366996,-24.49368719402215,[],0,NORMAL
PG,2020-08-06,10-K,883,0.5663,0.0,2.0385,0,0.5663,-100.0,37.93220109614994,-61.34998634998635,"['Sentiment Score', 'Positive Language']",2,ELEVATED
PG,2021-08-06,10-K,865,0.578,0.0,2.0809,0,0.578,,2.0799607554574546,2.066042733533451,"['Sentiment Score', 'Positive Language']",2,ELEVATED
PG,2022-08-05,10-K,874,0.5721,0.0,2.0595,0,0.5721,,-1.0284011725695759,-1.0207612456747241,[],0,NORMAL
PG,2023-08-04,10-K,868,0.576,0.0,1.8433,0,0.576,,-10.497693614955084,0.68169900367067,[],0,NORMAL
PG,2024-08-05,10-K,917,0.5453,0.0,1.7448,0,0.5453,,-5.343677100851735,-5.329861111111103,[],0,NORMAL
PG,2025-08-04,10-K,912,0.5482,0.0,1.7544,0,0.5482,,0.5502063273727679,0.5318173482486729,[],0,NORMAL
WMT,1995-06-09,10-Q,692,3.3237,0.578,1.0116,0,2.7457,,,,[],0,NORMAL
WMT,1995-09-11,10-Q,800,2.5,0.5,0.625,0,2.0,-13.494809688581308,-38.216686437327006,-27.158830170812536,[],0,NORMAL
WMT,1995-12-05,10-Q,1074,2.3277,0.7449,0.6518,0,1.5829,48.980000000000004,4.288000000000007,-20.855,[],0,NORMAL
WMT,1996-06-12,10-Q,792,2.6515,1.1364,0.5051,0,1.5152,52.557390253725345,-22.506903958269415,-4.276960010108022,['Negative Language'],1,WATCH
WMT,1996-09-10,10-Q,868,2.1889,0.8065,0.576,0,1.3825,-29.030271031327004,14.036824391209654,-8.757919746568112,[],0,NORMAL
WMT,1996-12-12,10-Q,933,2.7867,0.5359,0.4287,0,2.2508,-33.55238685678859,-25.572916666666657,62.80650994575044,[],0,NORMAL
WMT,1997-06-10,10-Q,840,1.7857,1.3095,0.7143,0,0.4762,144.35529016607575,66.62001399580126,-78.84307801670516,"['Negative Language', 'Sentiment Score', 'Positive Language']",3,HIGH
WMT,1997-09-09,10-Q,1117,2.0591,0.6267,0.5372,0,1.4324,-52.142038946162664,-24.793504129917405,200.79798404031916,[],0,NORMAL
WMT,1997-12-10,10-Q,1267,2.0521,0.5525,0.5525,0,1.4996,-11.839795755544923,2.8481012658227813,4.691426975705121,[],0,NORMAL
WMT,1998-06-15,10-Q,1260,2.6984,0.3968,0.873,0,2.3016,-28.180995475113125,58.00904977375566,53.480928247532674,['Uncertainty'],1,WATCH
WMT,1998-09-14,10-Q,1971,2.1309,0.4566,1.4713,0,1.6743,15.070564516129037,68.53379152348225,-27.25495307612097,['Uncertainty'],1,WATCH
WMT,1998-12-14,10-Q,2197,2.0482,0.4096,1.2289,0,1.6386,-10.293473499780987,-16.475225990620533,-2.1322343666009584,['Uncertainty'],1,WATCH
WMT,1999-06-07,10-Q,1951,2.2553,0.6663,1.0251,1,1.5889,62.670898437499986,-16.583936854097175,-3.033077016965707,[],0,NORMAL
WMT,1999-09-10,10-Q,4888,1.698,0.6547,1.2889,24,1.0434,-1.74095752663966,25.734074724417138,-34.331927748756996,"['Litigation Count', 'Positive Language']",2,ELEVATED
WMT,1999-12-15,10-Q,5496,1.6012,0.6004,1.583,20,1.0007,-8.293875057278129,22.81790674218326,-4.092390262603045,"['Uncertainty', 'Litigation Count', 'Positive Language']",3,HIGH
WMT,2000-04-17,10-K,5116,0.86,0.1759,0.6841,15,0.6841,-70.70286475682879,-56.78458622867972,-31.637853502548207,"['Sentiment Score', 'Positive Language']",2,ELEVATED
WMT,2000-06-08,10-Q,4070,2.2604,0.6388,0.8845,17,1.6216,263.1608868675384,29.293962870925288,137.0413682210203,[],0,NORMAL
WMT,2000-08-25,10-Q,4544,1.8706,0.7262,0.6382,20,1.1444,13.681903569192222,-27.846240814019218,-29.427725703009365,[],0,NORMAL
WMT,2000-11-30,10-Q,5288,2.2315,0.6241,0.6051,25,1.6074,-14.059487744423022,-5.186461924161708,40.457881859489675,[],0,NORMAL
WMT,2001-06-05,10-Q,4072,2.947,1.0314,0.8595,21,1.9155,65.26197724723603,42.04263758056521,19.167599850690557,['Negative Language'],1,WATCH
WMT,2001-09-04,10-Q,4765,2.2875,1.0703,0.8604,19,1.2172,3.7715726197401525,0.10471204188481813,-36.455233620464625,['Negative Language'],1,WATCH
WMT,2001-11-29,10-Q,5105,2.5073,1.1166,0.8815,16,1.3908,4.32588993740073,2.4523477452347624,14.262241209332894,['Negative Language'],1,WATCH
WMT,2002-04-15,10-K,6069,0.8733,0.1812,0.9227,19,0.692,-83.77216550241805,4.673851389676689,-50.24446361806155,"['Sentiment Score', 'Positive Language']",2,ELEVATED
WMT,2002-06-10,10-Q,4321,3.2863,0.9257,1.4811,20,2.3606,410.8719646799116,60.51804486832124,241.12716763005778,['Uncertainty'],1,WATCH
WMT,2002-09-11,10-Q,8184,2.7493,1.1241,1.4296,97,1.6251,21.43242951280114,-3.4771453649314763,-31.157332881470808,"['Uncertainty', 'Litigation Count']",2,ELEVATED
WMT,2002-12-06,10-Q,7579,2.718,0.9896,1.6097,66,1.7285,-11.965127657681705,12.597929490766644,6.3626853732078,['Uncertainty'],1,WATCH
WMT,2003-04-15,10-K,4991,0.9617,0.1603,1.0218,8,0.8014,-83.80153597413096,-36.52233335404112,-53.63610066531675,"['Sentiment Score', 'Positive Language']",2,ELEVATED
WMT,2003-06-09,10-Q,5046,2.6754,1.1296,1.4269,63,1.5458,604.678727386151,39.64572323350949,92.88744696780634,[],0,NORMAL
WMT,2003-12-11,10-Q,8072,1.8954,1.1026,1.4247,105,0.7929,-2.3902266288951766,-0.1541803910575359,-48.706171561650926,['Litigation Count'],1,WATCH
WMT,2004-04-09,10-K,8012,0.9361,0.4368,0.9236,45,0.4993,-60.38454561944494,-35.17231697901313,-37.02862908311263,['Sentiment Score'],1,WATCH
WMT,2004-06-04,10-Q,7377,2.5214,1.0438,1.1793,93,1.4776,138.96520146520146,27.685145084452152,195.93430803124372,[],0,NORMAL
WMT,2004-09-03,10-Q,8973,2.8307,0.9919,1.159,108,1.8388,-4.972216899789237,-1.7213601288900184,24.4450460205739,[],0,NORMAL
WMT,2004-12-03,10-Q,9253,2.8747,0.8754,1.178,108,1.9994,-11.745135598346613,1.6393442622950738,8.73395692843159,[],0,NORMAL
WMT,2005-03-31,10-K,10390,1.0972,0.5101,1.2416,64,0.5871,-41.72949508795979,5.398981324278447,-70.63619085725718,[],0,NORMAL
WMT,2005-06-03,10-Q,6184,2.6035,0.8732,1.1643,80,1.7303,71.18212115271515,-6.225837628865992,194.7198092318174,[],0,NORMAL
WMT,2005-08-31,10-Q,7455,2.6157,0.8719,1.0195,99,1.7438,-0.14887769125056893,-12.436657218929813,0.7802115240131808,[],0,NORMAL
WMT,2005-12-02,10-Q,8046,2.3614,1.0937,1.2304,109,1.2677,25.438697098291073,20.686611083864626,-27.302442940704207,[],0,NORMAL
WMT,2006-03-29,10-K,8622,1.183,0.4291,1.6006,26,0.7539,-60.76620645515223,30.087776332899878,-40.53009387078962,['Uncertainty'],1,WATCH
WMT,2006-06-02,10-Q,8949,2.0449,0.9834,1.7097,106,1.0616,129.1773479375437,6.81619392727727,40.814431622231076,['Uncertainty'],1,WATCH
WMT,2006-08-30,10-Q,11451,2.3055,0.9693,1.4846,113,1.3361,-1.4338010982306284,-13.166052523834596,25.857196684250184,[],0,NORMAL
WMT,2006-11-30,10-Q,11427,2.3628,0.9889,1.4177,112,1.3739,2.0220777880944962,-4.506264313619828,2.8291295561709324,[],0,NORMAL
WMT,2007-03-27,10-K,2118,0.9443,0.0944,2.0774,4,0.8499,-90.45403984224896,46.533117020526205,-38.139602591163836,"['Uncertainty', 'Positive Language']",2,ELEVATED
WMT,2007-06-01,10-Q,10830,2.3915,1.0896,1.4127,125,1.3019,1054.2372881355932,-31.996726677577737,53.18272737969174,[],0,NORMAL
WMT,2007-09-10,10-Q,13210,2.6722,1.2566,1.2112,123,1.4156,15.326725403817921,-14.263467119699866,8.7333896612643,[],0,NORMAL
WMT,2007-11-29,10-Q,11986,2.5113,1.1597,1.2431,115,1.3516,-7.711284418271526,2.6337516512549572,-4.521051144391075,[],0,NORMAL
WMT,2008-03-31,10-K,2179,1.0555,0.2754,2.0193,4,0.7802,-76.25247908941968,62.44067251226769,-42.275821248890196,"['Uncertainty', 'Sentiment Score', 'Positive Language']",3,HIGH
WMT,2008-06-09,10-Q,11371,2.4536,0.7915,1.3104,131,1.6621,187.4001452432825,-35.10622492943099,113.03511920020506,[],0,NORMAL
WMT,2008-09-04,10-Q,14243,2.4152,1.004,1.2427,143,1.4112,26.84775742261529,-5.166361416361424,-15.095361289934415,[],0,NORMAL
WMT,2008-12-09,10-Q,15167,2.6835,0.9692,1.2263,160,1.7142,-3.466135458167336,-1.3197070894021061,21.471088435374146,[],0,NORMAL
WMT,2009-04-01,10-K,5444,1.3042,0.2388,1.4879,3,1.0654,-75.36112257531985,21.332463508113843,-37.8485590946214,[],0,NORMAL
WMT,2009-06-05,10-Q,13093,2.0011,1.0387,1.306,132,0.9623,334.966499162479,-12.225283957255188,-9.67711657593391,[],0,NORMAL
WMT,2009-09-09,10-Q,16959,2.3174,1.1145,1.2442,146,1.2029,7.297583517858872,-4.732006125574278,25.0025979424296,[],0,NORMAL
WMT,2009-12-08,10-Q,16971,2.5161,1.1726,1.3788,128,1.3435,5.213100044863171,10.818196431441896,11.688419652506427,[],0,NORMAL
WMT,2010-03-30,10-K,4992,1.3822,0.2604,1.3421,4,1.1218,-77.79293876854852,-2.6617348418914966,-16.501674730182362,[],0,NORMAL
WMT,2010-06-04,10-Q,12446,2.3301,1.0767,1.4945,116,1.2534,313.47926267281105,11.355338648386846,11.731146371902316,['Uncertainty'],1,WATCH
WMT,2010-09-01,10-Q,15222,2.5227,1.0183,1.4059,100,1.5044,-5.423980681712641,-5.928404148544665,20.02553055688526,[],0,NORMAL
WMT,2010-12-06,10-Q,15181,2.3648,0.9815,1.3701,107,1.3833,-3.6138662476676764,-2.546411551319428,-8.049720818931135,[],0,NORMAL
WMT,2011-03-30,10-K,5491,1.3841,0.2914,1.3841,4,1.0927,-70.31074885379522,1.0218232245821481,-21.007735126147615,[],0,NORMAL
WMT,2011-06-03,10-Q,12356,2.5898,0.955,1.4082,86,1.6348,227.72820864790665,1.741203670255024,49.6110551844056,[],0,NORMAL
WMT,2011-09-01,10-Q,12906,2.371,0.8136,1.356,83,1.5574,-14.806282722513087,-3.7068598210481327,-4.734524100807446,[],0,NORMAL
WMT,2011-12-08,10-Q,13571,2.4759,0.8179,1.3411,84,1.6579,0.5285152409046179,-1.09882005899706,6.453062796969311,[],0,NORMAL
WMT,2012-03-27,10-K,5383,1.4676,0.2601,1.3933,6,1.2075,-68.19904633818315,3.8923271940944018,-27.16689788286386,[],0,NORMAL
WMT,2012-06-01,10-Q,15502,2.7996,0.9096,1.3547,98,1.8901,249.71164936562857,-2.7704012057704706,56.53002070393374,[],0,NORMAL
WMT,2012-09-06,10-Q,15795,2.7034,1.0193,1.3802,93,1.6841,12.060246262093242,1.8823355724514708,-10.898894238400084,[],0,NORMAL
WMT,2012-12-04,10-Q,16439,2.634,0.9915,1.393,102,1.6424,-2.7273619150397375,0.9274018258223389,-2.4760999940621016,[],0,NORMAL
WMT,2016-03-30,10-K,4727,1.2693,0.2539,0.6347,2,1.0154,-74.39233484619264,-54.4364680545585,-38.17584023380419,"['Sentiment Score', 'Positive Language']",2,ELEVATED
WMT,2017-03-31,10-K,6588,1.2447,0.3491,1.1536,11,0.8956,37.49507680189051,81.75515991807151,-11.798306086271431,"['Sentiment Score', 'Positive Language']",2,ELEVATED
WMT,2021-03-19,10-K,951,0.5258,0.1052,1.5773,2,0.4206,-69.86536808937267,36.728502080443825,-53.03707012058955,"['Sentiment Score', 'Positive Language']",2,ELEVATED
WMT,2022-03-18,10-K,1028,0.4864,0.0,1.4591,2,0.4864,-100.0,-7.493818550687877,15.64431764146458,"['Sentiment Score', 'Positive Language']",2,ELEVATED
WMT,2023-03-17,10-K,1019,0.4907,0.0,1.472,2,0.4907,,0.8841066410801117,0.8840460526315843,[],0,NORMAL
WMT,2024-03-15,10-K,1071,0.4669,0.0,1.4006,3,0.4669,,-4.850543478260863,-4.850213980028539,[],0,NORMAL
WMT,2025-03-14,10-K,1007,0.4965,0.0,1.4896,3,0.4965,,6.354419534485219,6.339687299207543,[],0,NORMAL
AAPL,1994-01-26,10-Q,2987,2.8122,0.9039,1.7074,0,1.9083,,,,[],0,NORMAL
AAPL,1994-08-12,10-Q,4526,2.0769,1.0605,1.9664,2,1.0163,17.324925323597736,15.169263207215645,-46.74317455326731,[],0,NORMAL
AAPL,1995-02-09,10-Q,4375,2.5143,0.64,1.7371,2,1.8743,-39.651107967939645,-11.660903173311628,84.42389058348914,[],0,NORMAL
AAPL,1995-05-15,10-Q,1649,3.8811,0.7884,1.2129,0,3.0928,23.187499999999996,-30.176731333832247,65.01093741663554,[],0,NORMAL
AAPL,1995-08-11,10-Q,1667,4.0792,0.5399,1.3797,0,3.5393,-31.519533231861992,13.752164234479332,14.436756337299531,[],0,NORMAL
AAPL,1996-02-12,10-Q,6048,2.3644,1.1574,1.9676,7,1.207,114.37303204297089,42.61071247372618,-65.89721131297149,"['Negative Language', 'Litigation Count']",2,ELEVATED
AAPL,1996-05-13,10-Q,7031,2.1903,1.0809,1.9058,7,1.1094,-6.609642301710732,-3.140882293149018,-8.086164043082032,['Litigation Count'],1,WATCH
AAPL,1996-08-12,10-Q,7401,2.0943,1.135,1.8241,7,0.9593,5.005088352299014,-4.286913632070516,-13.529835947358926,[],0,NORMAL
AAPL,1997-02-10,10-Q,7840,1.875,1.1735,2.0153,7,0.7015,3.3920704845814957,10.481881475796273,-26.873762118211197,[],0,NORMAL
AAPL,1997-05-12,10-Q,8577,1.8305,1.0726,1.8538,7,0.7578,-8.5982104814657,-8.013695231479184,8.025659301496795,[],0,NORMAL
AAPL,1997-08-11,10-Q,9053,1.8889,0.9389,1.8336,7,0.95,-12.465038224874142,-1.089653684324091,25.362892583795187,[],0,NORMAL
AAPL,1998-02-09,10-Q,932,1.824,0.6438,1.3948,0,1.1803,-31.430397273405042,-23.93106457242582,24.24210526315789,[],0,NORMAL
AAPL,1998-05-11,10-Q,2621,1.7932,0.9538,1.7551,0,0.8394,48.151599875737794,25.83166045311156,-28.882487503177153,[],0,NORMAL
AAPL,1998-08-10,10-Q,2950,1.6949,0.8814,1.7288,0,0.8136,-7.5906898720905875,-1.4984901145234009,-3.073624017155116,[],0,NORMAL
AAPL,1999-02-08,10-Q,3435,2.1834,1.1354,2.0961,0,1.048,28.817789879736782,21.24595094863489,28.810226155358905,['Uncertainty'],1,WATCH
AAPL,1999-05-11,10-Q,5092,1.8657,1.2176,2.2584,4,0.6481,7.239739298925493,7.742951195076577,-38.158396946564885,"['Uncertainty', 'Sentiment Score']",2,ELEVATED
AAPL,1999-08-06,10-Q,5317,1.8243,1.1661,2.4074,4,0.6583,-4.229632063074909,6.597591215019484,1.573831198889058,['Uncertainty'],1,WATCH
AAPL,2000-02-01,10-Q,3157,2.1223,0.8552,1.7422,3,1.267,-26.66152131035074,-27.631469635291182,92.46544128816647,[],0,NORMAL
AAPL,2000-05-11,10-Q,3082,2.401,0.6489,1.6548,2,1.7521,-24.12301216089803,-5.016645620479849,38.28729281767957,[],0,NORMAL
AAPL,2000-07-31,10-Q,3091,2.2323,0.7117,1.6176,1,1.5205,9.677916474032973,-2.2480058013053013,-13.218423605958565,[],0,NORMAL
AAPL,2001-02-12,10-Q,3281,1.4934,1.2801,2.103,2,0.2133,79.86511170436982,30.00741839762613,-85.97171982900362,"['Negative Language', 'Sentiment Score', 'Positive Language']",3,HIGH
AAPL,2001-05-14,10-Q,4416,1.6078,1.2455,1.7889,2,0.3623,-2.702913834856649,-14.935805991440809,69.85466479137366,[],0,NORMAL
AAPL,2001-08-13,10-Q,5127,1.5994,1.3263,1.7749,2,0.2731,6.4873544761140085,-0.782603834758791,-24.62048026497378,[],0,NORMAL
AAPL,2002-02-11,10-Q,4328,1.756,1.3632,2.1257,1,0.3928,2.7821759782854505,19.764493774297158,43.83009886488465,[],0,NORMAL
AAPL,2002-05-14,10-Q,6693,1.763,1.5688,2.032,6,0.1942,15.082159624413146,-4.407959730912175,-50.560081466395104,"['Negative Language', 'Litigation Count']",2,ELEVATED
AAPL,2002-08-09,10-Q,7806,1.4988,1.7935,2.0753,7,-0.2946,14.323049464558906,2.1309055118110187,-251.69927909371782,"['Negative Language', 'Litigation Count', 'Sentiment Score']",3,HIGH
AAPL,2003-05-13,10-Q,22469,1.4954,1.037,1.8737,55,0.4584,-42.18009478672987,-9.714258179540309,255.6008146639511,['Litigation Count'],1,WATCH
AAPL,2003-08-12,10-Q,26010,1.4341,0.9765,1.8762,62,0.4575,-5.834136933461899,0.13342584191707152,-0.1963350785340219,['Litigation Count'],1,WATCH
AAPL,2004-02-10,10-Q,23651,1.539,1.2219,1.8562,211,0.3171,25.1305683563748,-1.065984436627226,-30.68852459016394,['Litigation Count'],1,WATCH
AAPL,2004-05-06,10-Q,28722,1.4553,1.0445,1.8209,230,0.4108,-14.518373025615844,-1.9017347268613354,29.54903815830968,['Litigation Count'],1,WATCH
AAPL,2004-08-05,10-Q,31135,1.4068,1.0438,1.7986,268,0.3629,-0.06701771182383177,-1.2246691196660986,-11.660175267770203,['Litigation Count'],1,WATCH
AAPL,2005-02-01,10-Q,25593,1.5239,1.1448,1.9966,232,0.379,9.676183176853801,11.008562215056154,4.43648387985671,[],0,NORMAL
AAPL,2005-05-04,10-Q,27438,1.4105,1.1189,1.9827,274,0.2916,-2.2624039133473124,-0.6961835119703508,-23.060686015831127,[],0,NORMAL
AAPL,2005-08-03,10-Q,27232,1.4138,1.0833,1.9866,271,0.3305,-3.1816963088747943,0.19670146769556737,13.340192043895744,[],0,NORMAL
AAPL,2005-12-01,10-K,49413,1.5542,0.941,1.615,380,0.6132,-13.135788793501337,-18.705325682069866,85.53706505295006,['Litigation Count'],1,WATCH
AAPL,2006-02-03,10-Q,28246,1.4055,1.2391,1.8658,397,0.1664,31.679064824654642,15.529411764705877,-72.86366601435094,"['Negative Language', 'Litigation Count', 'Sentiment Score']",3,HIGH
AAPL,2006-05-05,10-Q,29880,1.3621,1.2584,1.7905,389,0.1037,1.557582116051963,-4.035802336799224,-37.68028846153846,"['Negative Language', 'Litigation Count', 'Sentiment Score', 'Positive Language']",4,HIGH
AAPL,2006-12-29,10-Q,20815,1.4172,0.8888,1.5133,43,0.5285,-29.370629370629363,-15.481709019826859,409.6432015429122,[],0,NORMAL
AAPL,2006-12-29,10-K,25694,1.0158,1.3077,1.4789,513,-0.2919,47.130963096309635,-2.2731778233000717,-155.2317880794702,"['Negative Language', 'Litigation Count', 'Sentiment Score', 'Positive Language']",4,HIGH
AAPL,2007-02-02,10-Q,26464,1.3188,1.485,1.9725,410,-0.1663,13.558155540261527,33.376157955236984,43.02843439534087,"['Negative Language', 'Sentiment Score']",2,ELEVATED
AAPL,2007-05-10,10-Q,28465,1.3666,1.4369,1.8654,424,-0.0703,-3.2390572390572405,-5.429657794676805,57.726999398677094,[],0,NORMAL
AAPL,2007-08-08,10-Q,27978,1.3975,1.3868,1.8979,378,0.0107,-3.486672698169673,1.7422536721346613,115.22048364153628,[],0,NORMAL
AAPL,2008-02-01,10-Q,27049,1.4049,1.5823,1.9816,464,-0.1775,14.097202192096914,4.410137520417309,-1758.8785046728972,['Negative Language'],1,WATCH
AAPL,2008-05-01,10-Q,12195,2.0418,0.7216,2.0172,25,1.3202,-54.39550022119699,1.796528058134833,843.774647887324,[],0,NORMAL
AAPL,2008-07-23,10-Q,6059,1.8155,0.8087,2.2941,12,1.0068,12.070399113082035,13.726948245092204,-23.738827450386314,['Uncertainty'],1,WATCH
AAPL,2008-11-05,10-K,632,0.7911,0.1582,2.8481,1,0.6329,-80.43773958204525,24.14890370951573,-37.13746523639252,"['Uncertainty', 'Positive Language']",2,ELEVATED
AAPL,2009-01-23,10-Q,6476,2.3162,0.8338,1.6368,10,1.4824,427.05436156763585,-42.53010779115902,134.22341602148836,[],0,NORMAL
AAPL,2009-04-23,10-Q,7847,2.3066,0.9685,1.542,12,1.3381,16.154953226193335,-5.791788856304985,-9.734214786832156,[],0,NORMAL
AAPL,2009-07-22,10-Q,8339,2.2785,0.9953,1.5589,15,1.2831,2.7671657201858477,1.095979247730215,-4.110305657275252,[],0,NORMAL
AAPL,2009-10-27,10-K,714,0.7003,0.1401,2.9412,1,0.5602,-85.92384205767105,88.67149913400473,-56.340113786922295,"['Uncertainty', 'Positive Language']",2,ELEVATED
AAPL,2010-01-25,10-Q,9475,2.0897,0.9077,1.6992,18,1.1821,547.8943611705924,-42.227662178702566,111.01392359871471,[],0,NORMAL
AAPL,2010-04-21,10-Q,9466,1.8698,0.8663,1.9015,18,1.0036,-4.560978296794095,11.905602636534836,-15.100245326114534,[],0,NORMAL
AAPL,2010-07-21,10-Q,9880,1.8522,0.8401,1.8522,21,1.0121,-3.024356458501674,-2.5926899815934736,0.8469509764846503,['Litigation Count'],1,WATCH
AAPL,2010-10-27,10-K,697,0.7174,0.1435,2.8694,1,0.5739,-82.91870015474349,54.91847532663859,-43.2961169844877,"['Uncertainty', 'Positive Language']",2,ELEVATED
AAPL,2011-01-19,10-Q,7289,2.0853,1.1661,1.7149,19,0.9192,712.6132404181185,-40.2348923119816,60.167276529012035,[],0,NORMAL
AAPL,2011-04-21,10-Q,7318,1.9814,1.1615,1.7491,19,0.8199,-0.39447731755423526,1.9942853810717829,-10.802872062663191,[],0,NORMAL
AAPL,2011-07-20,10-Q,8451,1.8104,1.0295,1.7276,19,0.781,-11.364614722341791,-1.2292035904179333,-4.744481034272464,[],0,NORMAL
AAPL,2011-10-26,10-K,707,0.7072,0.1414,2.9703,1,0.5658,-86.26517727051967,71.93216022227367,-27.554417413572352,"['Uncertainty', 'Positive Language']",2,ELEVATED
AAPL,2012-01-25,10-Q,6294,1.986,1.1757,1.9066,14,0.8103,731.4710042432814,-35.81119752213581,43.21314952279959,[],0,NORMAL
AAPL,2012-04-25,10-Q,6861,1.9822,1.166,1.7927,15,0.8162,-0.8250404014629618,-5.973985104374284,0.7281253856596342,[],0,NORMAL
AAPL,2012-07-25,10-Q,6851,1.9705,1.2115,1.7662,15,0.759,3.9022298456260804,-1.4782172142578216,-7.008086253369275,[],0,NORMAL
AAPL,2012-10-31,10-K,713,0.561,0.2805,3.5063,2,0.2805,-76.8468840280644,98.52225116068395,-63.043478260869556,"['Uncertainty', 'Sentiment Score', 'Positive Language']",3,HIGH
AAPL,2013-01-24,10-Q,6843,1.8267,1.2275,1.6805,23,0.5992,337.6114081996435,-52.07198471323047,113.61853832442064,[],0,NORMAL
AAPL,2013-04-24,10-Q,7150,1.7902,1.2308,1.6084,25,0.5594,0.2688391038696422,-4.29038976495091,-6.642189586114812,[],0,NORMAL
AAPL,2013-07-24,10-Q,7647,1.87,1.2815,1.5431,26,0.5885,4.119272018199561,-4.059935339467803,5.202002145155527,[],0,NORMAL
AAPL,2013-10-30,10-K,796,0.6281,0.5025,3.1407,2,0.1256,-60.78813889972688,103.53185146782451,-78.65760407816484,"['Sentiment Score', 'Positive Language']",2,ELEVATED
AAPL,2014-01-28,10-Q,7427,1.8446,1.333,1.6292,26,0.5116,165.27363184079604,-48.12621390135956,307.32484076433127,[],0,NORMAL
AAPL,2014-04-24,10-Q,7668,1.8388,1.3041,1.6432,26,0.5347,-2.1680420105026204,0.8593174564203298,4.515246286161044,[],0,NORMAL
AAPL,2014-07-23,10-Q,7907,1.9476,1.29,1.5935,26,0.6576,-1.081205429031516,-3.024586173320355,22.984851318496357,[],0,NORMAL
AAPL,2014-10-27,10-K,803,0.6227,0.4981,3.1133,2,0.1245,-61.3875968992248,95.3749607781613,-81.06751824817518,"['Sentiment Score', 'Positive Language']",2,ELEVATED
AAPL,2015-01-28,10-Q,7340,1.9074,1.267,1.6076,22,0.6403,154.36659305360368,-48.363472842321656,414.29718875502016,[],0,NORMAL
AAPL,2015-04-28,10-Q,7495,1.8412,1.2942,1.6278,26,0.547,2.1468034727703325,1.2565314754914156,-14.571294705606737,[],0,NORMAL
AAPL,2015-07-22,10-Q,7705,1.8559,1.3238,1.6613,35,0.5321,2.2871271828156443,2.0579923823565602,-2.723948811700187,[],0,NORMAL
AAPL,2015-10-28,10-K,835,0.5988,0.479,2.994,2,0.1198,-63.816286448103945,80.22030939625596,-77.48543506859613,"['Sentiment Score', 'Positive Language']",2,ELEVATED
AAPL,2016-01-27,10-Q,7065,1.9108,1.2456,1.7127,29,0.6653,160.0417536534447,-42.79559118236474,455.3422370617696,[],0,NORMAL
AAPL,2016-04-27,10-Q,7266,1.858,1.2249,1.6515,33,0.6331,-1.6618497109826542,-3.5733053074093495,-4.839921839771533,[],0,NORMAL
AAPL,2016-07-27,10-Q,8087,1.9661,1.1995,1.521,34,0.7667,-2.073638664380773,-7.901907356948233,21.102511451587436,[],0,NORMAL
AAPL,2016-10-26,10-K,921,0.5429,0.5429,2.7144,3,0.0,-54.73947478115881,78.46153846153847,-100.0,"['Sentiment Score', 'Positive Language']",2,ELEVATED
AAPL,2017-02-01,10-Q,7776,1.9933,1.2088,1.5818,36,0.7845,122.65610609688709,-41.72561155319776,,[],0,NORMAL
AAPL,2017-05-03,10-Q,8130,1.9434,1.1931,1.5867,39,0.7503,-1.2988087359364697,0.30977367555948315,-4.359464627151053,[],0,NORMAL
AAPL,2017-08-02,10-Q,8274,1.8975,1.1723,1.5833,38,0.7252,-1.7433576397619772,-0.21428121257957206,-3.3453285352525675,[],0,NORMAL
AAPL,2017-11-03,10-K,989,0.91,0.5056,2.8311,3,0.4044,-56.87110807813699,78.81008021221501,-44.23607280750137,['Uncertainty'],1,WATCH
AAPL,2018-02-02,10-Q,8581,1.9462,1.1887,1.6082,41,0.7575,135.10680379746836,-43.195224471053656,87.31454005934718,[],0,NORMAL
AAPL,2018-05-02,10-Q,8642,1.944,1.3307,1.4349,29,0.6133,11.945823168166896,-10.776022882726028,-19.036303630363037,[],0,NORMAL
AAPL,2018-08-01,10-Q,8832,2.0041,1.3247,1.5059,34,0.6793,-0.45089050875479114,4.948080005575298,10.761454426871037,[],0,NORMAL
AAPL,2018-11-05,10-K,973,0.925,0.5139,2.6721,3,0.4111,-61.206310862836865,77.44206122584501,-39.48181952009421,[],0,NORMAL
AAPL,2019-01-30,10-Q,9860,1.8154,1.217,1.3895,56,0.5984,136.81650126483754,-47.99970061000711,45.56069082948188,['Litigation Count'],1,WATCH
AAPL,2019-05-01,10-Q,10278,1.7416,1.2259,1.294,54,0.5157,0.7313064913722191,-6.872975890608127,-13.8201871657754,[],0,NORMAL
AAPL,2019-07-31,10-Q,10389,1.723,1.1839,1.2802,55,0.539,-3.426054327432909,-1.066460587326123,4.5181306961411645,[],0,NORMAL
AAPL,2019-10-31,10-K,1058,0.7561,0.4726,2.2684,3,0.2836,-60.081087929723786,77.19106389626621,-47.38404452690167,"['Sentiment Score', 'Positive Language']",2,ELEVATED
AAPL,2020-01-29,10-Q,13659,1.618,1.0616,1.186,50,0.5564,124.62970799830724,-47.716452124845716,96.19181946403384,[],0,NORMAL
AAPL,2020-05-01,10-Q,15482,1.4404,1.0851,1.1239,59,0.3553,2.2136397889977255,-5.236087689713326,-36.1430625449317,[],0,NORMAL
AAPL,2020-07-31,10-Q,15127,1.5205,1.0247,1.1701,60,0.4958,-5.566307252787762,4.1106860040928925,39.544047283985364,[],0,NORMAL
AAPL,2020-10-30,10-K,849,0.5889,0.0,1.7668,2,0.5889,-100.0,50.9956413981711,18.777732956837426,['Positive Language'],1,WATCH
AAPL,2021-01-28,10-Q,13100,1.6794,1.0153,1.1832,73,0.6641,,-33.03146932306995,12.769570385464432,[],0,NORMAL
AAPL,2021-04-29,10-Q,13690,1.7239,1.0007,1.0957,66,0.7232,-1.437998621097229,-7.395199459093993,8.899262159313345,[],0,NORMAL
AAPL,2021-07-28,10-Q,14220,1.7862,0.9845,1.1322,67,0.8017,-1.618866793244717,3.3312037966596884,10.854535398230091,[],0,NORMAL
AAPL,2021-10-29,10-K,781,0.6402,0.0,1.9206,2,0.6402,-100.0,69.6343402225755,-20.1446925283772,['Positive Language'],1,WATCH
AAPL,2022-01-28,10-Q,7259,1.8322,0.8817,0.9919,26,0.9505,,-48.35468082890764,48.46922836613559,[],0,NORMAL
AAPL,2022-04-29,10-Q,7768,1.828,0.9269,0.9655,26,0.9011,5.126460247249621,-2.661558624861375,-5.1972645975802205,[],0,NORMAL
AAPL,2022-07-29,10-Q,7569,1.7572,1.1098,0.9512,26,0.6474,19.732441471571903,-1.481097876747797,-28.154477860392856,[],0,NORMAL
AAPL,2022-10-28,10-K,741,0.6748,0.0,2.0243,1,0.6748,-100.0,112.81539108494533,4.232313870868085,"['Uncertainty', 'Positive Language']",2,ELEVATED
AAPL,2023-02-03,10-Q,7151,1.4683,1.1886,1.1047,26,0.2797,,-45.42804920219336,-58.55068168346176,['Sentiment Score'],1,WATCH
AAPL,2023-05-05,10-Q,7386,1.4216,1.3133,1.0561,35,0.1083,10.491334342924432,-4.399384448266495,-61.27994279585269,['Sentiment Score'],1,WATCH
AAPL,2023-08-04,10-Q,7429,1.4672,1.3192,1.1172,47,0.1481,0.4492499809639851,5.785436985133977,36.749769159741476,['Sentiment Score'],1,WATCH
AAPL,2023-11-03,10-K,686,0.7289,0.0,2.1866,1,0.7289,-100.0,95.72144647332617,392.16745442268734,['Uncertainty'],1,WATCH
AAPL,2024-02-02,10-Q,7081,1.4546,1.1863,1.1298,56,0.2683,,-48.33074179090826,-63.1911098916175,['Litigation Count'],1,WATCH
AAPL,2024-05-03,10-Q,7277,1.333,1.333,1.223,53,0.0,12.366180561409431,8.249247654452132,-100.0,['Sentiment Score'],1,WATCH
AAPL,2024-08-02,10-Q,7164,1.5075,1.1865,1.2284,50,0.321,-10.990247561890461,0.44153720359769816,,[],0,NORMAL
AAPL,2024-11-01,10-K,661,0.7564,0.0,2.2693,1,0.7564,-100.0,84.73624226636275,135.63862928348908,['Uncertainty'],1,WATCH
AAPL,2025-01-31,10-Q,7919,1.4017,1.2249,1.4648,75,0.1768,,-35.45146080289075,-76.62612374405076,['Litigation Count'],1,WATCH
AAPL,2025-05-02,10-Q,9060,1.3355,1.3907,1.4238,61,-0.0552,13.535798840721686,-2.799016930639005,-131.22171945701356,[],0,NORMAL
AAPL,2025-08-01,10-Q,7388,1.5295,1.137,1.1505,59,0.3925,-18.242611634428705,-19.19511167298777,811.050724637681,[],0,NORMAL
AAPL,2025-10-31,10-K,656,0.7622,0.0,2.2866,1,0.7622,-100.0,98.74837027379398,94.19108280254777,"['Uncertainty', 'Positive Language']",2,ELEVATED
AAPL,2026-01-30,10-Q,7064,1.4723,1.1183,1.3024,45,0.3539,,-43.042071197411005,-53.568617160850174,[],0,NORMAL
GOOGL,2016-02-11,10-K,761,1.4455,0.0,2.6281,2,1.4455,,,,[],0,NORMAL
GOOGL,2017-02-03,10-K,677,1.7725,0.0,3.1019,2,1.7725,,18.02823332445494,22.621930127983394,[],0,NORMAL
GOOGL,2018-02-06,10-K,726,2.2039,0.0,3.3058,2,2.2039,,6.573390502595182,24.338504936530324,[],0,NORMAL
GOOGL,2019-02-05,10-K,705,2.2695,0.0,3.1206,2,2.2695,,-5.602274789763447,2.9765415853713817,[],0,NORMAL
GOOGL,2020-02-04,10-K,786,1.9084,0.0,2.5445,2,1.9084,,-18.461193360251226,-15.910993610927507,[],0,NORMAL
GOOGL,2021-02-03,10-K,815,0.8589,0.0,1.9632,2,0.8589,,-22.845352721556303,-54.99371201006079,"['Sentiment Score', 'Positive Language']",2,ELEVATED
GOOGL,2022-02-02,10-K,752,0.9309,0.0,2.1277,2,0.9309,,8.379176854115721,8.382815228780993,"['Sentiment Score', 'Positive Language']",2,ELEVATED
GOOGL,2023-02-03,10-K,772,0.9067,0.0,1.943,2,0.9067,,-8.680735066033739,-2.5996347620582236,[],0,NORMAL
GOOGL,2024-01-31,10-K,741,0.9447,0.0,2.0243,2,0.9447,,4.184251158003096,4.191022388882765,[],0,NORMAL
GOOGL,2025-02-05,10-K,778,0.8997,0.1285,1.928,2,0.7712,,-4.75720001975993,-18.36561871493596,[],0,NORMAL
GOOGL,2026-02-05,10-K,987,0.7092,0.1013,1.5198,1,0.6079,-21.167315175097276,-21.172199170124475,-21.17479253112033,['Negative Language'],1,WATCH
