date,form_type,accession_number,lm_positive,lm_negative,lm_uncertain,lm_litigious,lm_constraining,lm_pos_pct,lm_neg_pct,lm_uncertain_pct,lm_sentiment_score,total_words
1994-01-27,8-K,0000021344-94-000004,2,5,0,1,0,0.6349,1.5873,0.0,-0.9524,315
1994-03-14,10-K,0000950144-94-000600,71,17,94,25,19,1.2562,0.3008,1.6631,0.9554,5652
1994-05-06,10-Q,0000021344-94-000012,59,21,13,13,7,2.5519,0.9083,0.5623,1.6436,2312
1994-08-10,10-Q,0000021344-94-000024,86,20,15,23,8,3.0946,0.7197,0.5398,2.375,2779
1994-11-14,10-Q,0000021344-94-000031,90,20,17,25,9,3.0191,0.6709,0.5703,2.3482,2981
1995-05-11,10-Q,0000021344-95-000018,64,9,8,13,4,3.4409,0.4839,0.4301,2.957,1860
1995-08-11,10-Q,0000021344-95-000033,71,5,13,18,4,3.1168,0.2195,0.5707,2.8973,2278
1995-11-13,10-Q,0000021344-95-000041,75,4,19,19,4,2.9786,0.1589,0.7546,2.8197,2518
1996-05-10,10-Q,0000021344-96-000012,63,15,11,11,3,3.1469,0.7493,0.5495,2.3976,2002
1996-08-13,10-Q,0000021344-96-000015,73,8,15,16,5,3.0429,0.3335,0.6253,2.7095,2399
1996-11-14,10-Q,0000021344-96-000026,101,35,50,23,5,2.4373,0.8446,1.2066,1.5927,4144
1997-05-13,10-Q,0000021344-97-000019,58,15,13,13,5,2.8334,0.7328,0.6351,2.1006,2047
1997-08-14,10-Q,0000021344-97-000027,83,12,39,16,7,2.7694,0.4004,1.3013,2.369,2997
1997-10-24,8-K,0000021344-97-000029,0,0,0,1,0,0.0,0.0,0.0,0.0,133
1997-11-13,10-Q,0000021344-97-000034,98,29,68,24,7,2.3978,0.7096,1.6638,1.6883,4087
1998-03-09,10-K,0000021344-98-000004,6,0,7,1,1,0.7989,0.0,0.9321,0.7989,751
1998-05-12,10-Q,0000021344-98-000007,54,18,10,1,5,3.1088,1.0363,0.5757,2.0725,1737
1998-08-14,10-Q,0000021344-98-000010,76,19,53,3,9,2.1505,0.5376,1.4997,1.6129,3534
1998-11-12,10-Q,0000021344-98-000016,89,46,113,8,13,1.7191,0.8885,2.1827,0.8306,5177
1998-12-15,8-K,0000021344-98-000020,0,0,2,1,0,0.0,0.0,1.2121,0.0,165
1999-03-29,10-K,0000021344-99-000005,6,0,6,1,1,0.8996,0.0,0.8996,0.8996,667
1999-05-12,10-Q,0000021344-99-000009,0,0,0,0,0,0.0,0.0,0.0,0.0,27
1999-08-12,10-Q,0000021344-99-000015,65,54,80,12,18,1.3372,1.1109,1.6458,0.2263,4861
1999-11-03,10-Q,0000021344-99-000026,82,51,96,13,20,1.5227,0.9471,1.7827,0.5757,5385
1999-12-06,8-K,0000021344-99-000034,0,0,0,1,0,0.0,0.0,0.0,0.0,147
1999-12-21,8-K,0000021344-99-000038,0,0,0,1,0,0.0,0.0,0.0,0.0,93
2000-01-26,8-K,0000021344-00-000003,0,0,0,1,0,0.0,0.0,0.0,0.0,92
2000-02-18,8-K,0000021344-00-000005,0,0,0,1,0,0.0,0.0,0.0,0.0,107
2000-03-09,10-K,0000021344-00-000009,6,0,6,1,1,0.8119,0.0,0.8119,0.8119,739
2000-05-11,10-Q,0000021344-00-000014,0,0,0,0,0,0.0,0.0,0.0,0.0,27
2000-07-27,10-Q,0000021344-00-000024,118,101,76,32,15,2.1905,1.8749,1.4108,0.3156,5387
2000-10-27,10-Q,0000021344-00-000027,133,83,98,34,12,2.301,1.436,1.6955,0.8651,5780
2001-02-21,8-K,0000021344-01-000003,2,0,0,1,0,1.6393,0.0,0.0,1.6393,122
2001-03-07,10-K,0000021344-01-000005,9,1,7,1,1,0.9484,0.1054,0.7376,0.843,949
2001-05-01,10-Q,0000021344-01-500011,0,0,0,0,0,0.0,0.0,0.0,0.0,27
2001-08-14,10-Q,0000021344-01-500025,126,82,88,16,14,2.2868,1.4882,1.5971,0.7985,5510
2001-11-13,10-Q,0000021344-01-500040,143,77,111,12,14,2.3648,1.2734,1.8356,1.0915,6047
2002-03-07,8-K,0000950144-02-002079,236,125,189,26,27,2.1574,1.1427,1.7278,1.0147,10939
2002-03-11,10-K,0000021344-02-000011,19,2,8,1,1,1.6156,0.1701,0.6803,1.4456,1176
2002-05-10,10-Q,0000021344-02-000017,0,0,0,0,0,0.0,0.0,0.0,0.0,27
2002-05-16,8-K,0000950144-02-005740,0,0,1,1,0,0.0,0.0,0.8065,0.0,124
2002-08-13,10-Q,0000021344-02-000027,208,86,112,9,10,2.9575,1.2228,1.5925,1.7347,7033
2002-08-14,8-K,0000021344-02-000028,0,0,0,1,1,0.0,0.0,0.0,0.0,216
2002-11-13,10-Q,0000021344-02-000059,108,53,71,1,7,2.4697,1.212,1.6236,1.2577,4373
2002-11-13,8-K,0000021344-02-000060,0,0,0,1,1,0.0,0.0,0.0,0.0,122
2002-12-12,8-K,0000021344-02-000063,0,0,0,1,0,0.0,0.0,0.0,0.0,73
2003-02-13,8-K,0000021344-03-000006,0,0,0,1,0,0.0,0.0,0.0,0.0,87
2003-03-26,8-K,0000021344-03-000035,0,0,0,1,1,0.0,0.0,0.0,0.0,125
2003-03-26,10-K,0000021344-03-000031,18,0,10,1,2,1.6499,0.0,0.9166,1.6499,1091
2003-04-16,8-K,0000021344-03-000049,0,0,0,1,3,0.0,0.0,0.0,0.0,178
2003-04-25,10-Q,0000021344-03-000055,0,0,0,0,0,0.0,0.0,0.0,0.0,31
2003-07-11,8-K,0000021344-03-000094,0,0,0,1,0,0.0,0.0,0.0,0.0,90
2003-07-17,8-K,0000021344-03-000096,0,0,0,1,3,0.0,0.0,0.0,0.0,183
2003-08-13,10-Q,0000021344-03-000111,86,56,96,14,16,1.8623,1.2126,2.0788,0.6496,4618
2003-10-16,8-K,0000021344-03-000149,0,0,0,1,0,0.0,0.0,0.0,0.0,103
2003-10-16,8-K,0000021344-03-000151,0,0,0,1,0,0.0,0.0,0.0,0.0,106
2003-10-27,10-Q,0000021344-03-000157,106,68,127,13,19,2.0291,1.3017,2.4311,0.7274,5224
2004-01-15,8-K,0000021344-04-000006,0,0,0,1,0,0.0,0.0,0.0,0.0,66
2004-02-11,8-K,0001047469-04-003942,0,0,0,1,3,0.0,0.0,0.0,0.0,191
2004-02-20,8-K,0000021344-04-000012,0,0,0,1,0,0.0,0.0,0.0,0.0,66
2004-02-27,10-K,0001047469-04-005840,17,1,5,1,0,2.6114,0.1536,0.768,2.4578,651
2004-04-21,8-K,0000021344-04-000056,0,0,1,2,4,0.0,0.0,0.4202,0.0,238
2004-04-29,10-Q,0001047469-04-014222,27,9,41,2,12,1.6255,0.5418,2.4684,1.0837,1661
2004-05-05,8-K,0000021344-04-000064,0,0,0,1,0,0.0,0.0,0.0,0.0,66
2004-05-28,8-K,0000021344-04-000069,0,0,0,1,0,0.0,0.0,0.0,0.0,66
2004-06-09,8-K,0000021344-04-000073,0,0,0,1,0,0.0,0.0,0.0,0.0,66
2004-06-15,8-K,0000021344-04-000075,0,0,0,1,0,0.0,0.0,0.0,0.0,66
2004-06-23,8-K,0000021344-04-000077,0,0,0,1,0,0.0,0.0,0.0,0.0,66
2004-07-13,8-K,0000021344-04-000113,0,0,0,1,0,0.0,0.0,0.0,0.0,106
2004-07-22,8-K,0001047469-04-023950,0,0,1,2,4,0.0,0.0,0.3906,0.0,256
2004-08-05,10-Q,0001047469-04-025463,31,12,40,2,11,1.8563,0.7186,2.3952,1.1377,1670
2004-09-01,8-K,0000021344-04-000132,0,0,1,1,0,0.0,0.0,0.8475,0.0,118
2004-09-03,8-K,0000021344-04-000134,1,1,0,1,0,0.5263,0.5263,0.0,0.0,190
2004-09-15,8-K,0000021344-04-000138,0,0,0,1,3,0.0,0.0,0.0,0.0,130
2004-09-17,8-K,0000021344-04-000142,1,0,1,1,0,0.4808,0.0,0.4808,0.4808,208
2004-10-19,8-K,0000021344-04-000178,0,1,0,1,0,0.0,0.8264,0.0,-0.8264,121
2004-10-21,8-K,0001047469-04-031788,0,1,2,3,5,0.0,0.3145,0.6289,-0.3145,318
2004-10-28,10-Q,0001047469-04-032333,33,12,41,2,11,1.8976,0.6901,2.3577,1.2076,1739
2004-11-12,8-K,0000021344-04-000183,6,1,2,3,5,2.0619,0.3436,0.6873,1.7182,291
2004-12-08,8-K,0000021344-04-000191,0,1,2,2,1,0.0,0.565,1.1299,-0.565,177
2005-01-06,8-K,0000021344-05-000002,0,1,1,2,1,0.0,0.495,0.495,-0.495,202
2005-02-16,8-K,0001047469-05-004004,0,1,1,2,4,0.0,0.3876,0.3876,-0.3876,258
2005-02-23,8-K,0000021344-05-000012,2,1,3,2,1,0.6803,0.3401,1.0204,0.3401,294
2005-03-04,10-K,0001047469-05-005411,19,1,6,1,0,2.79,0.1468,0.8811,2.6432,681
2005-04-01,8-K,0000021344-05-000018,0,1,7,2,1,0.0,0.3115,2.1807,-0.3115,321
2005-04-07,8-K,0000021344-05-000046,1,2,4,3,1,0.1789,0.3578,0.7156,-0.1789,559
2005-04-18,8-K,0000021344-05-000048,1,4,5,8,7,0.1172,0.4689,0.5862,-0.3517,853
2005-04-19,8-K,0001047469-05-010625,0,1,1,2,4,0.0,0.3322,0.3322,-0.3322,301
2005-04-25,8-K,0000021344-05-000050,1,1,5,2,1,0.4367,0.4367,2.1834,0.0,229
2005-04-28,10-Q,0001047469-05-011762,31,14,50,2,15,1.4527,0.656,2.343,0.7966,2134
2005-06-22,8-K,0001104659-05-029150,0,1,1,1,2,0.0,0.5,0.5,-0.5,200
2005-07-12,8-K,0001104659-05-032120,1,1,2,1,1,0.3571,0.3571,0.7143,0.0,280
2005-07-21,8-K,0001104659-05-033242,0,1,1,1,4,0.0,0.4386,0.4386,-0.4386,228
2005-08-01,10-Q,0001104659-05-035430,286,208,286,191,42,1.9118,1.3904,1.9118,0.5214,14960
2005-10-20,8-K,0001104659-05-049249,0,1,1,1,4,0.0,0.431,0.431,-0.431,232
2005-10-26,8-K,0000021344-05-000158,0,2,1,1,1,0.0,1.4925,0.7463,-1.4925,134
2005-10-27,10-Q,0001104659-05-050698,324,275,373,163,51,2.0247,1.7185,2.331,0.3062,16002
2005-11-30,8-K,0000021344-05-000163,0,1,1,1,1,0.0,0.4926,0.4926,-0.4926,203
2005-12-14,8-K,0000021344-05-000166,0,1,2,2,1,0.0,0.5319,1.0638,-0.5319,188
2006-02-07,8-K,0001104659-06-006325,0,1,1,1,4,0.0,0.4525,0.4525,-0.4525,221
2006-02-16,8-K,0000021344-06-000008,0,1,4,1,1,0.0,0.3759,1.5038,-0.3759,266
2006-02-17,8-K,0000021344-06-000017,2,1,4,1,2,0.5102,0.2551,1.0204,0.2551,392
2006-02-28,10-K,0001047469-06-002588,4,1,11,1,2,1.6064,0.4016,4.4177,1.2048,249
2006-04-05,8-K,0000021344-06-000022,0,1,6,1,1,0.0,0.6024,3.6145,-0.6024,166
2006-04-10,8-K,0001104659-06-023851,0,1,2,1,1,0.0,0.4386,0.8772,-0.4386,228
2006-04-19,8-K,0001104659-06-025795,0,1,1,1,4,0.0,0.4098,0.4098,-0.4098,244
2006-04-27,10-Q,0001104659-06-028278,168,125,168,106,26,1.8117,1.348,1.8117,0.4637,9273
2006-07-18,8-K,0001104659-06-047391,0,1,1,1,4,0.0,0.4237,0.4237,-0.4237,236
2006-07-27,10-Q,0001104659-06-049246,273,187,235,162,20,2.1112,1.4461,1.8173,0.6651,12931
2006-09-12,8-K,0000021344-06-000086,1,3,6,1,2,0.3521,1.0563,2.1127,-0.7042,284
2006-10-19,8-K,0001104659-06-067365,0,1,1,1,4,0.0,0.4049,0.4049,-0.4049,247
2006-10-20,8-K,0000021344-06-000108,2,8,14,1,6,0.319,1.2759,2.2329,-0.9569,627
2006-10-26,10-Q,0001047469-06-013139,3,1,11,1,2,1.3889,0.463,5.0926,0.9259,216
2006-12-08,8-K,0000021344-06-000111,0,1,2,1,1,0.0,0.365,0.7299,-0.365,274
2006-12-29,8-K,0001104659-06-084342,11,8,8,3,8,0.9499,0.6908,0.6908,0.2591,1158
2007-01-19,8-K,0000021344-07-000004,0,1,1,1,1,0.0,0.6024,0.6024,-0.6024,166
2007-02-14,8-K,0001104659-07-010602,0,1,1,1,4,0.0,0.3968,0.3968,-0.3968,252
2007-02-14,8-K,0000021344-07-000010,1,1,5,1,1,0.33,0.33,1.6502,0.0,303
2007-02-21,10-K,0001047469-07-001328,3,1,11,1,2,1.1952,0.3984,4.3825,0.7968,251
2007-03-02,8-K,0000021344-07-000044,0,1,3,1,1,0.0,0.4854,1.4563,-0.4854,206
2007-03-06,8-K,0000021344-07-000050,0,1,1,1,1,0.0,0.6757,0.6757,-0.6757,148
2007-04-02,8-K,0000021344-07-000056,0,1,1,1,1,0.0,0.3968,0.3968,-0.3968,252
2007-04-17,8-K,0001104659-07-028697,0,1,1,1,4,0.0,0.4975,0.4975,-0.4975,201
2007-04-24,8-K,0000021344-07-000078,0,2,4,1,1,0.0,0.578,1.1561,-0.578,346
2007-04-26,10-Q,0001047469-07-003223,3,1,11,1,2,1.4085,0.4695,5.1643,0.939,213
2007-05-31,8-K,0001104659-07-044380,2,6,19,6,7,0.173,0.519,1.6436,-0.346,1156
2007-06-13,8-K,0000021344-07-000083,2,5,17,5,9,0.2146,0.5365,1.824,-0.3219,932
2007-07-17,8-K,0001104659-07-054278,0,1,1,1,4,0.0,0.4831,0.4831,-0.4831,207
2007-07-26,10-Q,0001047469-07-005866,3,1,11,1,2,1.3575,0.4525,4.9774,0.905,221
2007-10-17,8-K,0001047469-07-007701,0,1,1,2,4,0.0,0.346,0.346,-0.346,289
2007-10-24,8-K,0000021344-07-000146,3,2,3,4,2,0.9259,0.6173,0.9259,0.3086,324
2007-10-24,10-Q,0001047469-07-007893,3,1,11,1,2,1.4085,0.4695,5.1643,0.939,213
2007-10-26,8-K,0001047469-07-008018,1,3,11,2,8,0.2304,0.6912,2.5346,-0.4608,434
2007-10-29,8-K,0001047469-07-008056,0,1,1,2,1,0.0,0.2208,0.2208,-0.2208,453
2007-10-31,8-K,0001047469-07-008187,0,1,1,2,1,0.0,0.3704,0.3704,-0.3704,270
2007-11-15,8-K,0000021344-07-000152,1,1,1,1,1,0.6024,0.6024,0.6024,0.0,166
2007-12-11,8-K,0000021344-07-000154,0,1,2,1,1,0.0,0.3125,0.625,-0.3125,320
2007-12-19,8-K,0000021344-07-000156,1,2,10,1,1,0.2538,0.5076,2.5381,-0.2538,394
2008-02-13,8-K,0001193125-08-028404,0,1,1,2,4,0.0,0.4149,0.4149,-0.4149,241
2008-02-21,8-K,0001193125-08-035207,3,1,2,2,1,0.9434,0.3145,0.6289,0.6289,318
2008-02-28,10-K,0001193125-08-041768,17,3,29,2,5,1.2706,0.2242,2.1674,1.0463,1338
2008-04-16,8-K,0001104659-08-024631,0,1,1,1,4,0.0,0.5291,0.5291,-0.5291,189
2008-04-22,8-K,0000021344-08-000071,3,1,19,1,2,0.6494,0.2165,4.1126,0.4329,462
2008-04-22,8-K,0000021344-08-000068,0,1,1,1,1,0.0,0.3663,0.3663,-0.3663,273
2008-04-25,10-Q,0001047469-08-005195,2,1,11,1,3,0.9174,0.4587,5.0459,0.4587,218
2008-07-02,8-K,0000021344-08-000085,0,1,3,1,1,0.0,0.2817,0.8451,-0.2817,355
2008-07-16,8-K,0000021344-08-000109,0,1,4,1,1,0.0,0.4049,1.6194,-0.4049,247
2008-07-17,8-K,0001104659-08-046008,0,1,1,1,4,0.0,0.5128,0.5128,-0.5128,195
2008-07-21,8-K,0000021344-08-000113,6,2,6,1,3,0.8696,0.2899,0.8696,0.5797,690
2008-07-24,10-Q,0001047469-08-008358,2,1,11,1,3,0.8889,0.4444,4.8889,0.4444,225
2008-09-03,8-K,0001104659-08-056537,3,4,3,3,4,1.1364,1.5152,1.1364,-0.3788,264
2008-09-05,8-K,0001104659-08-057298,3,3,4,3,9,0.4815,0.4815,0.6421,0.0,623
2008-09-08,8-K,0001104659-08-057483,0,1,1,1,1,0.0,0.3597,0.3597,-0.3597,278
2008-10-15,8-K,0001104659-08-064152,0,1,1,1,4,0.0,0.5291,0.5291,-0.5291,189
2008-10-21,8-K,0000021344-08-000140,1,2,5,1,1,0.369,0.738,1.845,-0.369,271
2008-10-23,10-Q,0001047469-08-011110,2,0,11,1,3,0.9479,0.0,5.2133,0.9479,211
2008-12-16,8-K,0000021344-08-000144,0,1,2,1,1,0.0,0.5556,1.1111,-0.5556,180
2009-02-12,8-K,0001104659-09-008570,0,1,2,1,4,0.0,0.4065,0.813,-0.4065,246
2009-02-18,8-K,0000021344-09-000007,1,12,36,1,5,0.1054,1.2645,3.7935,-1.1591,949
2009-02-23,8-K,0000021344-09-000030,10,4,19,1,3,1.3947,0.5579,2.6499,0.8368,717
2009-02-26,10-K,0001047469-09-001875,3,1,11,1,3,1.2048,0.4016,4.4177,0.8032,249
2009-03-05,8-K,0001104659-09-014667,0,1,1,1,1,0.0,0.3891,0.3891,-0.3891,257
2009-04-21,8-K,0001104659-09-025109,0,1,2,1,4,0.0,0.4673,0.9346,-0.4673,214
2009-04-30,10-Q,0001047469-09-004778,2,0,11,1,3,0.9259,0.0,5.0926,0.9259,216
2009-06-10,8-K,0000021344-09-000099,0,1,2,1,1,0.0,0.3257,0.6515,-0.3257,307
2009-07-21,8-K,0001104659-09-043953,0,1,2,1,4,0.0,0.4695,0.939,-0.4695,213
2009-07-28,8-K,0000021344-09-000101,0,1,1,1,1,0.0,0.3484,0.3484,-0.3484,287
2009-07-30,10-Q,0001047469-09-007013,2,1,11,1,3,0.8889,0.4444,4.8889,0.4444,225
2009-10-20,8-K,0001104659-09-059483,0,1,2,1,4,0.0,0.4673,0.9346,-0.4673,214
2009-10-29,10-Q,0001047469-09-009286,2,1,11,1,3,0.9132,0.4566,5.0228,0.4566,219
2010-02-09,8-K,0001104659-10-005529,0,1,2,1,4,0.0,0.4854,0.9709,-0.4854,206
2010-02-18,8-K,0001104659-10-007759,0,2,5,1,1,0.0,0.6711,1.6779,-0.6711,298
2010-02-26,10-K,0001047469-10-001476,3,1,11,1,3,1.1194,0.3731,4.1045,0.7463,268
2010-03-03,8-K,0001047469-10-001749,15,11,23,5,8,0.8818,0.6467,1.3521,0.2352,1701
2010-03-22,8-K,0001104659-10-015648,3,6,15,4,2,0.2804,0.5607,1.4019,-0.2804,1070
2010-04-20,8-K,0001104659-10-020556,0,1,2,1,4,0.0,0.4808,0.9615,-0.4808,208
2010-04-23,8-K,0001104659-10-021543,1,1,3,1,3,0.3497,0.3497,1.049,0.0,286
2010-04-26,8-K,0000021344-10-000002,0,2,1,1,1,0.0,0.905,0.4525,-0.905,221
2010-04-29,10-Q,0001047469-10-004416,2,1,11,1,3,0.9174,0.4587,5.0459,0.4587,218
2010-06-07,8-K,0001341004-10-000992,0,2,3,3,1,0.0,0.5319,0.7979,-0.5319,376
2010-07-21,8-K,0001104659-10-038783,0,1,2,1,4,0.0,0.5181,1.0363,-0.5181,193
2010-07-30,8-K,0001341004-10-001299,0,1,2,2,2,0.0,0.4255,0.8511,-0.4255,235
2010-08-02,10-Q,0001047469-10-006835,2,1,11,1,3,0.9174,0.4587,5.0459,0.4587,218
2010-08-24,8-K,0001341004-10-001457,0,1,2,2,1,0.0,0.4651,0.9302,-0.4651,215
2010-08-27,8-K,0001341004-10-001481,0,1,2,2,2,0.0,0.578,1.1561,-0.578,173
2010-09-07,8-K,0001341004-10-001532,2,12,4,11,3,0.2611,1.5666,0.5222,-1.3055,766
2010-09-27,8-K,0001341004-10-001640,0,1,2,2,1,0.0,0.5263,1.0526,-0.5263,190
2010-10-05,8-K,0001341004-10-001678,0,3,2,2,1,0.0,1.5306,1.0204,-1.5306,196
2010-10-19,8-K,0001104659-10-052708,0,1,2,1,4,0.0,0.4695,0.939,-0.4695,213
2010-10-29,10-Q,0001047469-10-008993,2,0,11,1,3,0.939,0.0,5.1643,0.939,213
2010-11-04,8-K,0001104659-10-055938,1,1,2,2,1,0.6667,0.6667,1.3333,0.0,150
2010-11-08,8-K,0001104659-10-056919,0,2,10,2,1,0.0,0.3976,1.9881,-0.3976,503
2010-11-16,8-K,0000021344-10-000007,0,1,1,1,1,0.0,0.5495,0.5495,-0.5495,182
2010-11-18,8-K,0001104659-10-059174,1,1,2,2,1,0.3195,0.3195,0.639,0.0,313
2010-11-23,8-K,0001104659-10-059789,1,1,2,2,1,0.6803,0.6803,1.3605,0.0,147
2010-12-01,8-K,0000021344-10-000010,0,1,2,1,2,0.0,0.5988,1.1976,-0.5988,167
2010-12-09,8-K,0000021344-10-000013,1,1,5,1,1,0.3205,0.3205,1.6026,0.0,312
2010-12-15,8-K,0001104659-10-062845,1,1,2,2,1,0.565,0.565,1.1299,0.0,177
2011-02-09,8-K,0001104659-11-005743,0,1,2,1,4,0.0,0.4329,0.8658,-0.4329,231
2011-02-17,8-K,0001104659-11-007928,1,2,33,3,5,0.142,0.2841,4.6875,-0.142,704
2011-02-17,8-K,0001104659-11-008035,0,1,5,1,1,0.0,0.3472,1.7361,-0.3472,288
2011-02-28,10-K,0001047469-11-001506,3,1,11,1,3,1.1194,0.3731,4.1045,0.7463,268
2011-04-26,8-K,0001104659-11-022266,0,1,2,2,4,0.0,0.4167,0.8333,-0.4167,240
2011-04-29,8-K,0000021344-11-000003,0,2,3,1,1,0.0,0.6579,0.9868,-0.6579,304
2011-05-02,10-Q,0001047469-11-004348,2,0,11,1,3,0.8696,0.0,4.7826,0.8696,230
2011-07-19,8-K,0001104659-11-039543,0,1,2,1,4,0.0,0.4367,0.8734,-0.4367,229
2011-08-01,10-Q,0001047469-11-006790,2,0,11,1,3,0.8696,0.0,4.7826,0.8696,230
2011-08-08,8-K,0001104659-11-044947,0,4,7,5,4,0.0,0.5326,0.9321,-0.5326,751
2011-08-19,8-K,0001341004-11-001645,2,4,7,5,4,0.274,0.5479,0.9589,-0.274,730
2011-09-01,8-K,0001341004-11-001698,1,3,7,7,4,0.1377,0.4132,0.9642,-0.2755,726
2011-10-18,8-K,0001104659-11-056480,0,1,2,1,4,0.0,0.4367,0.8734,-0.4367,229
2011-10-27,10-Q,0000021344-11-000011,0,1,0,0,0,0.0,3.8462,0.0,-3.8462,26
2011-12-19,8-K,0000021344-11-000015,1,1,6,2,1,0.2865,0.2865,1.7192,0.0,349
2012-02-07,8-K,0001104659-12-007148,0,1,2,2,4,0.0,0.4065,0.813,-0.4065,246
2012-02-15,8-K,0001104659-12-010168,0,1,6,1,2,0.0,0.2994,1.7964,-0.2994,334
2012-02-21,8-K,0000021344-12-000002,1,1,5,2,1,0.3003,0.3003,1.5015,0.0,333
2012-02-23,10-K,0000021344-12-000007,0,1,0,0,0,0.0,2.7778,0.0,-2.7778,36
2012-03-14,8-K,0001104659-12-018282,0,3,2,2,1,0.0,0.7009,0.4673,-0.7009,428
2012-04-17,8-K,0000021344-12-000017,0,1,2,2,4,0.0,0.3831,0.7663,-0.3831,261
2012-04-26,10-Q,0000021344-12-000023,0,1,0,0,0,0.0,3.8462,0.0,-3.8462,26
2012-04-27,8-K,0000021344-12-000026,0,5,1,2,1,0.0,1.7241,0.3448,-1.7241,290
2012-07-10,8-K,0001104659-12-048265,3,2,1,1,1,1.3393,0.8929,0.4464,0.4464,224
2012-07-17,8-K,0000021344-12-000034,0,1,2,2,4,0.0,0.3774,0.7547,-0.3774,265
2012-07-26,10-Q,0000021344-12-000037,0,1,0,0,0,0.0,3.8462,0.0,-3.8462,26
2012-07-27,8-K,0001104659-12-051772,3,2,1,1,1,1.1905,0.7937,0.3968,0.3968,252
2012-07-31,8-K,0001104659-12-052732,0,1,2,1,1,0.0,0.3676,0.7353,-0.3676,272
2012-08-23,8-K,0000021344-12-000040,1,1,2,2,4,0.2519,0.2519,0.5038,0.0,397
2012-09-14,8-K,0001104659-12-063422,3,1,4,1,1,0.8086,0.2695,1.0782,0.5391,371
2012-10-16,8-K,0000021344-12-000048,0,1,2,2,4,0.0,0.3774,0.7547,-0.3774,265
2012-10-25,10-Q,0000021344-12-000051,0,1,0,0,0,0.0,3.8462,0.0,-3.8462,26
2013-02-12,8-K,0000021344-13-000003,0,1,2,2,4,0.0,0.3745,0.7491,-0.3745,267
2013-02-20,8-K,0001104659-13-012236,0,3,27,2,5,0.0,0.3937,3.5433,-0.3937,762
2013-02-21,8-K,0001104659-13-012805,0,1,1,1,1,0.0,0.5376,0.5376,-0.5376,186
2013-02-27,10-K,0000021344-13-000007,0,1,0,0,0,0.0,2.7778,0.0,-2.7778,36
2013-03-05,8-K,0001104659-13-017549,0,3,2,2,1,0.0,0.6803,0.4535,-0.6803,441
2013-03-21,8-K,0000021344-13-000009,0,1,2,2,1,0.0,0.3968,0.7937,-0.3968,252
2013-04-16,8-K,0000021344-13-000012,0,1,2,2,4,0.0,0.3846,0.7692,-0.3846,260
2013-04-25,10-Q,0000021344-13-000017,0,1,0,0,0,0.0,3.8462,0.0,-3.8462,26
2013-04-26,8-K,0001104659-13-033461,2,4,1,1,1,0.7663,1.5326,0.3831,-0.7663,261
2013-07-16,8-K,0000021344-13-000036,0,1,2,2,4,0.0,0.3788,0.7576,-0.3788,264
2013-07-19,8-K,0001104659-13-055320,1,1,4,1,1,0.3401,0.3401,1.3605,0.0,294
2013-07-25,10-Q,0000021344-13-000039,0,1,0,0,0,0.0,3.8462,0.0,-3.8462,26
2013-10-15,8-K,0000021344-13-000044,0,1,2,2,4,0.0,0.3788,0.7576,-0.3788,264
2013-10-24,8-K,0000021344-13-000052,0,1,2,2,1,0.0,0.3636,0.7273,-0.3636,275
2013-10-24,10-Q,0000021344-13-000050,0,1,0,0,0,0.0,3.8462,0.0,-3.8462,26
2013-11-01,8-K,0001104659-13-080068,0,3,2,2,1,0.0,0.6593,0.4396,-0.6593,455
2013-12-18,8-K,0001104659-13-090952,0,1,1,1,1,0.0,0.5435,0.5435,-0.5435,184
2014-01-24,8-K,0001104659-14-003975,0,2,6,1,2,0.0,0.5013,1.5038,-0.5013,399
2014-02-06,8-K,0001341004-14-000091,2,1,3,2,1,0.8264,0.4132,1.2397,0.4132,242
2014-02-18,8-K,0000021344-14-000005,0,1,2,2,4,0.0,0.3759,0.7519,-0.3759,266
2014-02-19,8-K,0001104659-14-011382,0,2,11,1,2,0.0,0.4619,2.5404,-0.4619,433
2014-02-21,8-K,0001104659-14-012209,1,1,2,1,1,0.4808,0.4808,0.9615,0.0,208
2014-02-27,10-K,0000021344-14-000008,0,1,0,0,0,0.0,2.7778,0.0,-2.7778,36
2014-03-07,8-K,0001104659-14-017583,0,3,2,2,1,0.0,0.7371,0.4914,-0.7371,407
2014-04-15,8-K,0000021344-14-000012,0,1,2,2,4,0.0,0.3846,0.7692,-0.3846,260
2014-04-23,8-K,0001308179-14-000200,0,4,14,1,1,0.0,0.9569,3.3493,-0.9569,418
2014-04-24,10-Q,0000021344-14-000016,0,1,0,0,0,0.0,3.8462,0.0,-3.8462,26
2014-04-25,8-K,0001104659-14-030524,2,1,4,1,1,0.4329,0.2165,0.8658,0.2165,462
2014-07-22,8-K,0000021344-14-000027,0,1,2,2,4,0.0,0.3788,0.7576,-0.3788,264
2014-07-30,10-Q,0000021344-14-000029,0,1,0,0,0,0.0,3.8462,0.0,-3.8462,26
2014-08-20,8-K,0001341004-14-000716,2,1,2,2,1,0.9524,0.4762,0.9524,0.4762,210
2014-09-19,8-K,0001104659-14-067124,1,2,2,2,4,0.2747,0.5495,0.5495,-0.2747,364
2014-09-22,8-K,0001104659-14-067506,0,2,2,2,1,0.0,0.678,0.678,-0.678,295
2014-10-01,8-K,0001104659-14-069388,0,1,2,1,1,0.0,0.5263,1.0526,-0.5263,190
2014-10-21,8-K,0000021344-14-000034,1,1,2,2,7,0.2907,0.2907,0.5814,0.0,344
2014-10-29,10-Q,0000021344-14-000036,0,1,0,0,0,0.0,3.8462,0.0,-3.8462,26
2014-12-11,8-K,0001104659-14-086151,1,1,4,2,1,0.3185,0.3185,1.2739,0.0,314
2015-02-10,8-K,0000021344-15-000002,0,1,2,2,4,0.0,0.3759,0.7519,-0.3759,266
2015-02-18,8-K,0001552781-15-000256,0,1,5,3,1,0.0,0.4367,2.1834,-0.4367,229
2015-02-20,8-K,0001552781-15-000264,0,1,1,2,1,0.0,0.4545,0.4545,-0.4545,220
2015-02-25,10-K,0000021344-15-000005,0,1,0,0,0,0.0,2.7778,0.0,-2.7778,36
2015-03-03,8-K,0001104659-15-016299,0,2,2,2,1,0.0,0.5333,0.5333,-0.5333,375
2015-03-10,8-K,0001104659-15-018590,0,2,2,2,1,0.0,0.6231,0.6231,-0.6231,321
2015-04-22,8-K,0000021344-15-000008,0,1,2,2,4,0.0,0.3846,0.7692,-0.3846,260
2015-04-29,8-K,0001552781-15-000528,0,4,1,2,1,0.0,1.3029,0.3257,-1.3029,307
2015-04-30,10-Q,0000021344-15-000011,0,1,0,0,0,0.0,3.8462,0.0,-3.8462,26
2015-07-22,8-K,0000021344-15-000029,0,1,2,2,4,0.0,0.3788,0.7576,-0.3788,264
2015-07-29,10-Q,0000021344-15-000031,0,1,0,0,0,0.0,3.8462,0.0,-3.8462,26
2015-08-06,8-K,0000903423-15-000480,0,2,2,2,1,0.0,1.2048,1.2048,-1.2048,166
2015-08-13,8-K,0001104659-15-059307,5,1,6,2,1,0.7452,0.149,0.8942,0.5961,671
2015-09-03,8-K,0000021344-15-000034,1,6,1,2,1,0.33,1.9802,0.33,-1.6502,303
2015-09-18,8-K,0000021344-15-000036,26,29,23,12,5,2.1941,2.4473,1.9409,-0.2532,1185
2015-10-21,8-K,0000021344-15-000038,0,1,2,2,4,0.0,0.3831,0.7663,-0.3831,261
2015-10-27,8-K,0001104659-15-073126,0,3,2,2,1,0.0,0.7177,0.4785,-0.7177,418
2015-10-28,10-Q,0000021344-15-000041,0,1,0,0,0,0.0,3.8462,0.0,-3.8462,26
2016-02-09,8-K,0000021344-16-000046,0,1,2,2,4,0.0,0.3802,0.7605,-0.3802,263
2016-02-17,8-K,0001552781-16-001315,2,3,11,3,3,0.4167,0.625,2.2917,-0.2083,480
2016-02-25,10-K,0000021344-16-000050,0,1,0,0,0,0.0,2.7778,0.0,-2.7778,36
2016-03-30,8-K,0000021344-16-000053,0,1,2,2,4,0.0,0.3571,0.7143,-0.3571,280
2016-04-20,8-K,0000021344-16-000056,0,1,2,2,4,0.0,0.3788,0.7576,-0.3788,264
2016-04-27,8-K,0001552781-16-001593,0,5,3,2,1,0.0,1.2821,0.7692,-1.2821,390
2016-04-28,10-Q,0000021344-16-000059,0,1,0,0,0,0.0,3.8462,0.0,-3.8462,26
2016-05-31,8-K,0001104659-16-124532,1,3,4,2,1,0.2404,0.7212,0.9615,-0.4808,416
2016-07-27,8-K,0000021344-16-000063,0,1,2,2,4,0.0,0.3731,0.7463,-0.3731,268
2016-07-28,10-Q,0000021344-16-000065,0,1,0,0,0,0.0,3.8462,0.0,-3.8462,26
2016-09-01,8-K,0001104659-16-142664,0,3,2,2,1,0.0,0.7246,0.4831,-0.7246,414
2016-09-02,8-K,0001104659-16-142972,0,3,2,2,1,0.0,0.7792,0.5195,-0.7792,385
2016-09-19,8-K,0000021344-16-000067,0,1,2,2,4,0.0,0.3289,0.6579,-0.3289,304
2016-09-26,8-K,0001552781-16-001958,1,1,2,2,4,0.2849,0.2849,0.5698,0.0,351
2016-10-26,8-K,0000021344-16-000072,0,1,2,2,4,0.0,0.3731,0.7463,-0.3731,268
2016-10-27,10-Q,0000021344-16-000076,0,1,0,0,0,0.0,3.8462,0.0,-3.8462,26
2016-10-27,8-K,0000021344-16-000077,5,3,2,2,3,1.1338,0.6803,0.4535,0.4535,441
2016-12-08,8-K,0001552781-16-002135,0,1,2,2,1,0.0,0.4608,0.9217,-0.4608,217
2016-12-09,8-K,0001123292-16-003050,3,1,3,2,1,0.7958,0.2653,0.7958,0.5305,377
2017-02-09,8-K,0000021344-17-000003,0,1,2,2,4,0.0,0.3704,0.7407,-0.3704,270
2017-02-15,8-K,0001552781-17-000075,0,3,8,4,4,0.0,0.7026,1.8735,-0.7026,427
2017-02-24,10-K,0000021344-17-000009,0,1,0,0,0,0.0,2.7778,0.0,-2.7778,36
2017-03-03,8-K,0001104659-17-014087,0,2,2,2,1,0.0,0.6135,0.6135,-0.6135,326
2017-03-09,8-K,0001104659-17-015540,0,2,2,2,1,0.0,0.6557,0.6557,-0.6557,305
2017-03-24,8-K,0001552781-17-000158,11,2,14,3,1,1.3126,0.2387,1.6706,1.074,838
2017-04-25,8-K,0000021344-17-000014,3,1,7,2,4,0.8798,0.2933,2.0528,0.5865,341
2017-04-27,10-Q,0000021344-17-000019,0,1,0,0,0,0.0,3.8462,0.0,-3.8462,26
2017-04-28,8-K,0001552781-17-000271,11,1,17,2,1,1.5257,0.1387,2.3578,1.387,721
2017-05-25,8-K,0001104659-17-035229,2,3,12,2,1,0.4107,0.616,2.4641,-0.2053,487
2017-06-23,8-K,0001104659-17-041338,3,1,8,2,1,0.6452,0.2151,1.7204,0.4301,465
2017-07-06,8-K,0001104659-17-043873,4,1,8,2,1,0.8529,0.2132,1.7058,0.6397,469
2017-07-26,8-K,0000021344-17-000023,3,1,7,2,4,0.8798,0.2933,2.0528,0.5865,341
2017-07-27,10-Q,0000021344-17-000026,0,1,0,0,0,0.0,3.8462,0.0,-3.8462,26
2017-10-25,8-K,0000021344-17-000029,3,1,7,2,4,0.9404,0.3135,2.1944,0.627,319
2017-10-26,10-Q,0000021344-17-000032,0,1,0,0,0,0.0,3.8462,0.0,-3.8462,26
2017-12-08,8-K,0001552781-17-000649,7,1,10,2,1,1.275,0.1821,1.8215,1.0929,549
2018-02-16,8-K,0000021344-18-000004,3,1,7,2,4,0.9404,0.3135,2.1944,0.627,319
2018-02-20,8-K,0001552781-18-000101,5,1,7,2,1,1.3477,0.2695,1.8868,1.0782,371
2018-02-23,10-K,0000021344-18-000008,0,1,0,0,0,0.0,2.7778,0.0,-2.7778,36
2018-04-04,8-K,0000021344-18-000012,3,4,3,2,5,0.9036,1.2048,0.9036,-0.3012,332
2018-04-24,8-K,0000021344-18-000018,3,1,7,2,4,0.9434,0.3145,2.2013,0.6289,318
2018-04-26,8-K,0001552781-18-000176,3,4,7,2,1,0.8876,1.1834,2.071,-0.2959,338
2018-05-01,10-Q,0000021344-18-000023,0,1,0,0,0,0.0,3.8462,0.0,-3.8462,26
2018-07-25,8-K,0000021344-18-000029,3,1,7,2,4,0.9434,0.3145,2.2013,0.6289,318
2018-07-26,10-Q,0000021344-18-000032,0,1,0,0,0,0.0,3.8462,0.0,-3.8462,26
2018-08-31,8-K,0001104659-18-054636,3,1,7,2,2,1.1765,0.3922,2.7451,0.7843,255
2018-10-18,8-K,0001552781-18-000440,8,1,10,1,2,1.3722,0.1715,1.7153,1.2007,583
2018-10-30,8-K,0000021344-18-000039,3,1,7,2,4,0.9434,0.3145,2.2013,0.6289,318
2018-10-30,10-Q,0000021344-18-000042,0,1,0,0,0,0.0,3.8462,0.0,-3.8462,26
2018-12-06,8-K,0001552781-18-000517,3,1,8,1,3,0.8108,0.2703,2.1622,0.5405,370
2019-01-08,8-K,0001104659-19-001190,3,1,7,2,2,1.2295,0.4098,2.8689,0.8197,244
2019-02-14,8-K,0000021344-19-000010,3,1,7,2,4,0.9346,0.3115,2.1807,0.6231,321
2019-02-21,8-K,0001552781-19-000063,3,1,6,1,1,1.2097,0.4032,2.4194,0.8065,248
2019-02-21,10-K,0000021344-19-000014,0,1,0,0,0,0.0,2.7778,0.0,-2.7778,36
2019-02-28,8-K,0001104659-19-011570,3,2,7,2,1,0.7229,0.4819,1.6867,0.241,415
2019-03-08,8-K,0001104659-19-013658,3,2,7,2,1,0.7712,0.5141,1.7995,0.2571,389
2019-04-01,8-K,0000021344-19-000019,2,1,2,2,5,0.5917,0.2959,0.5917,0.2959,338
2019-04-10,8-K,0001552781-19-000156,3,2,15,1,1,1.0909,0.7273,5.4545,0.3636,275
2019-04-23,8-K,0000021344-19-000022,3,1,7,2,4,0.9434,0.3145,2.2013,0.6289,318
2019-04-24,8-K,0001552781-19-000204,2,5,4,1,1,0.5952,1.4881,1.1905,-0.8929,336
2019-04-25,10-Q,0000021344-19-000028,0,1,0,0,0,0.0,3.8462,0.0,-3.8462,26
2019-06-28,8-K,0001628280-19-008450,5,1,7,2,5,0.9074,0.1815,1.2704,0.726,551
2019-07-23,8-K,0000021344-19-000031,4,1,7,2,4,0.9259,0.2315,1.6204,0.6944,432
2019-07-25,10-Q,0000021344-19-000034,0,1,0,0,0,0.0,3.8462,0.0,-3.8462,26
2019-09-09,8-K,0001410578-19-001096,2,5,14,2,1,0.2522,0.6305,1.7654,-0.3783,793
2019-09-20,8-K,0000021344-19-000039,7,3,7,2,2,0.4378,0.1876,0.4378,0.2502,1599
2019-10-18,8-K,0001628280-19-012399,4,1,6,2,4,0.9281,0.232,1.3921,0.6961,431
2019-10-24,10-Q,0000021344-19-000042,0,1,0,0,0,0.0,3.8462,0.0,-3.8462,26
2020-01-14,8-K,0001552781-20-000076,4,1,6,2,1,1.3605,0.3401,2.0408,1.0204,294
2020-01-30,8-K,0000021344-20-000002,4,1,6,2,4,0.9324,0.2331,1.3986,0.6993,429
2020-02-24,10-K,0000021344-20-000006,0,1,0,0,0,0.0,2.7778,0.0,-2.7778,36
2020-03-20,8-K,0001104659-20-036458,6,6,12,2,3,1.0989,1.0989,2.1978,0.0,546
2020-03-25,8-K,0001104659-20-038321,2,7,13,2,1,0.2134,0.7471,1.3874,-0.5336,937
2020-04-21,8-K,0000021344-20-000011,4,1,6,2,4,0.939,0.2347,1.4085,0.7042,426
2020-04-22,8-K,0001552781-20-000277,4,4,6,2,1,1.0899,1.0899,1.6349,0.0,367
2020-04-24,10-Q,0000021344-20-000014,0,1,0,0,0,0.0,3.8462,0.0,-3.8462,26
2020-05-04,8-K,0001104659-20-055758,4,7,13,2,1,0.4215,0.7376,1.3699,-0.3161,949
2020-07-21,8-K,0000021344-20-000037,4,1,6,2,4,0.9302,0.2326,1.3953,0.6977,430
2020-07-22,10-Q,0000021344-20-000041,0,1,0,0,0,0.0,3.8462,0.0,-3.8462,26
2020-08-24,8-K,0001552781-20-000461,7,1,9,2,1,1.4768,0.211,1.8987,1.2658,474
2020-08-28,8-K,0001552781-20-000463,27,29,22,10,6,2.0347,2.1854,1.6579,-0.1507,1327
2020-09-14,8-K,0001552781-20-000475,3,1,6,2,1,1.0601,0.3534,2.1201,0.7067,283
2020-09-18,8-K,0001552781-20-000488,6,4,8,2,2,0.7947,0.5298,1.0596,0.2649,755
2020-09-21,8-K,0001552781-20-000492,3,1,6,2,1,1.049,0.3497,2.0979,0.6993,286
2020-10-05,8-K,0001552781-20-000505,4,2,6,2,1,1.227,0.6135,1.8405,0.6135,326
2020-10-20,8-K,0001552781-20-000530,4,2,6,2,1,1.1236,0.5618,1.6854,0.5618,356
2020-10-22,10-Q,0000021344-20-000046,0,1,0,0,0,0.0,3.8462,0.0,-3.8462,26
2020-10-22,8-K,0000021344-20-000044,4,1,6,2,4,0.9302,0.2326,1.3953,0.6977,430
2020-12-10,8-K,0001552781-20-000603,5,3,21,2,4,0.996,0.5976,4.1833,0.3984,502
2021-02-10,8-K,0000021344-21-000003,21,14,21,12,6,2.0833,1.3889,2.0833,0.6944,1008
2021-02-22,8-K,0001552781-21-000039,7,1,7,2,1,1.6787,0.2398,1.6787,1.4388,417
2021-02-25,10-K,0000021344-21-000008,5,0,15,1,5,0.3846,0.0,1.1538,0.3846,1300
2021-03-01,8-K,0001552781-21-000052,4,1,6,2,1,1.3652,0.3413,2.0478,1.0239,293
2021-03-05,8-K,0001552781-21-000076,7,4,9,2,3,0.8526,0.4872,1.0962,0.3654,821
2021-03-08,8-K,0001552781-21-000082,2,1,4,2,1,0.625,0.3125,1.25,0.3125,320
2021-03-09,8-K,0001552781-21-000083,4,4,14,2,2,0.5634,0.5634,1.9718,0.0,710
2021-04-08,8-K,0001552781-21-000188,6,2,4,2,1,1.4742,0.4914,0.9828,0.9828,407
2021-04-19,8-K,0001552781-21-000224,4,1,4,2,1,1.6,0.4,1.6,1.2,250
2021-04-19,8-K,0000021344-21-000011,4,1,6,2,4,0.9217,0.2304,1.3825,0.6912,434
2021-04-21,8-K,0001552781-21-000235,5,1,5,3,2,1.2195,0.2439,1.2195,0.9756,410
2021-04-22,8-K,0001552781-21-000242,4,5,4,2,1,1.0283,1.2853,1.0283,-0.2571,389
2021-04-27,10-Q,0000021344-21-000014,624,471,387,215,78,2.4272,1.832,1.5053,0.5951,25709
2021-04-28,8-K,0001552781-21-000255,4,1,4,2,1,1.2658,0.3165,1.2658,0.9494,316
2021-04-30,8-K,0001552781-21-000269,7,3,9,2,1,0.9602,0.4115,1.2346,0.5487,729
2021-05-05,8-K,0001552781-21-000338,7,3,6,2,1,1.2545,0.5376,1.0753,0.7168,558
2021-05-06,8-K,0001552781-21-000351,5,3,5,2,1,1.1962,0.7177,1.1962,0.4785,418
2021-05-12,8-K,0001552781-21-000415,6,2,8,2,1,1.5,0.5,2.0,1.0,400
2021-05-17,8-K,0001552781-21-000435,8,2,8,2,1,1.6736,0.4184,1.6736,1.2552,478
2021-05-20,8-K,0001552781-21-000451,5,2,5,2,1,1.3405,0.5362,1.3405,0.8043,373
2021-06-04,8-K,0001552781-21-000502,5,2,4,2,1,1.4793,0.5917,1.1834,0.8876,338
2021-07-21,8-K,0000021344-21-000021,4,1,6,2,4,0.8949,0.2237,1.3423,0.6711,447
2021-07-26,10-Q,0000021344-21-000024,948,625,371,241,68,3.1578,2.0819,1.2358,1.0759,30021
2021-08-24,8-K,0001552781-21-000687,4,1,4,2,1,1.5094,0.3774,1.5094,1.1321,265
2021-10-27,8-K,0000021344-21-000027,4,1,6,2,4,0.8949,0.2237,1.3423,0.6711,447
2021-10-28,10-Q,0000021344-21-000030,1002,689,426,240,89,3.1512,2.1669,1.3397,0.9844,31797
2021-12-20,8-K,0001552781-21-000856,5,1,7,2,1,1.199,0.2398,1.6787,0.9592,417
2022-02-10,8-K,0000021344-22-000004,4,1,6,2,4,0.8869,0.2217,1.3304,0.6652,451
2022-02-16,8-K,0001552781-22-000167,14,2,16,2,2,2.1773,0.311,2.4883,1.8663,643
2022-02-22,10-K,0000021344-22-000009,5,0,15,1,5,0.3956,0.0,1.1867,0.3956,1264
2022-03-04,8-K,0001552781-22-000236,4,1,4,2,1,1.4337,0.3584,1.4337,1.0753,279
2022-03-08,8-K,0001552781-22-000242,5,1,5,2,4,1.2407,0.2481,1.2407,0.9926,403
2022-04-25,8-K,0000021344-22-000013,4,1,6,2,4,0.8949,0.2237,1.3423,0.6711,447
2022-04-27,8-K,0001552781-22-000366,5,3,10,2,1,1.4837,0.8902,2.9674,0.5935,337
2022-04-28,10-Q,0000021344-22-000016,593,411,344,214,53,2.589,1.7944,1.5019,0.7946,22905
2022-07-21,8-K,0001552781-22-000509,10,1,4,2,1,1.8382,0.1838,0.7353,1.6544,544
2022-07-26,8-K,0000021344-22-000030,4,1,6,2,4,0.8949,0.2237,1.3423,0.6711,447
2022-07-27,10-Q,0000021344-22-000034,833,598,347,236,62,3.0292,2.1746,1.2619,0.8546,27499
2022-08-23,8-K,0001552781-22-000543,7,1,7,2,1,1.5351,0.2193,1.5351,1.3158,456
2022-10-25,8-K,0000021344-22-000038,4,1,6,2,4,0.8949,0.2237,1.3423,0.6711,447
2022-10-26,10-Q,0000021344-22-000042,841,607,335,231,63,3.0328,2.189,1.2081,0.8439,27730
2022-12-12,8-K,0001552781-22-000649,6,8,7,4,8,1.1299,1.5066,1.3183,-0.3766,531
2023-02-14,8-K,0000021344-23-000005,4,1,6,2,4,0.8889,0.2222,1.3333,0.6667,450
2023-02-21,10-K,0000021344-23-000011,5,0,15,1,5,0.4042,0.0,1.2126,0.4042,1237
2023-04-24,8-K,0000021344-23-000017,4,1,6,2,4,0.8949,0.2237,1.3423,0.6711,447
2023-04-26,8-K,0000021344-23-000026,5,14,6,2,1,0.6596,1.847,0.7916,-1.1873,758
2023-04-26,10-Q,0000021344-23-000024,555,381,321,211,52,2.4514,1.6829,1.4178,0.7686,22640
2023-07-19,8-K,0000021344-23-000041,5,1,9,2,1,0.9208,0.1842,1.6575,0.7366,543
2023-07-26,8-K,0000021344-23-000045,4,1,6,2,4,0.8949,0.2237,1.3423,0.6711,447
2023-07-27,10-Q,0000021344-23-000048,783,576,333,239,60,2.8816,2.1198,1.2255,0.7618,27172
2023-10-20,8-K,0000021344-23-000051,5,8,9,2,3,0.6596,1.0554,1.1873,-0.3958,758
2023-10-24,10-Q,0000021344-23-000060,788,560,342,236,62,2.8951,2.0575,1.2565,0.8377,27218
2023-10-24,8-K,0000021344-23-000057,4,1,6,2,4,0.8949,0.2237,1.3423,0.6711,447
2024-02-13,8-K,0000021344-24-000004,4,1,6,2,4,0.8889,0.2222,1.3333,0.6667,450
2024-02-20,10-K,0000021344-24-000009,5,0,15,1,5,0.4205,0.0,1.2616,0.4205,1189
2024-04-30,8-K,0000021344-24-000013,4,1,6,2,4,0.9091,0.2273,1.3636,0.6818,440
2024-05-02,8-K,0001552781-24-000261,5,1,15,2,1,1.0616,0.2123,3.1847,0.8493,471
2024-05-02,10-Q,0000021344-24-000017,588,385,311,204,53,2.4904,1.6306,1.3172,0.8598,23611
2024-05-08,8-K,0001552781-24-000299,9,5,20,3,1,0.91,0.5056,2.0222,0.4044,989
2024-05-13,8-K,0001552781-24-000313,5,3,7,3,1,1.1287,0.6772,1.5801,0.4515,443
2024-05-14,8-K,0001552781-24-000325,5,5,15,3,1,0.7174,0.7174,2.1521,0.0,697
2024-07-23,8-K,0000021344-24-000040,4,1,6,2,1,0.7812,0.1953,1.1719,0.5859,512
2024-07-23,8-K,0000021344-24-000037,4,1,6,2,4,0.8811,0.2203,1.3216,0.6608,454
2024-07-29,10-Q,0000021344-24-000044,828,598,334,255,66,2.8616,2.0667,1.1543,0.7949,28935
2024-08-09,8-K,0001552781-24-000465,6,4,10,3,2,0.8242,0.5495,1.3736,0.2747,728
2024-08-14,8-K,0001552781-24-000487,6,3,9,3,2,1.0889,0.5445,1.6334,0.5445,551
2024-08-15,8-K,0001552781-24-000497,5,3,7,3,2,1.1338,0.6803,1.5873,0.4535,441
2024-08-21,8-K,0000021344-24-000047,5,2,8,3,4,0.7924,0.317,1.2678,0.4754,631
2024-10-17,8-K,0000021344-24-000051,5,1,9,2,1,0.8389,0.1678,1.5101,0.6711,596
2024-10-23,8-K,0000021344-24-000056,4,1,6,2,4,0.8547,0.2137,1.2821,0.641,468
2024-10-24,10-Q,0000021344-24-000060,843,620,317,244,67,2.8356,2.0855,1.0663,0.7501,29729
2024-12-11,8-K,0001552781-24-000626,4,1,6,2,1,0.7018,0.1754,1.0526,0.5263,570
2024-12-16,8-K,0001552781-24-000634,1,1,4,2,1,0.3145,0.3145,1.2579,0.0,318
2025-02-11,8-K,0000021344-25-000005,4,1,6,2,4,0.8493,0.2123,1.2739,0.6369,471
2025-02-20,10-K,0000021344-25-000011,5,0,15,1,5,0.4525,0.0,1.3575,0.4525,1105
2025-03-27,8-K,0000021344-25-000019,6,1,6,2,5,1.0239,0.1706,1.0239,0.8532,586
2025-04-29,8-K,0000021344-25-000024,4,1,6,2,4,0.8547,0.2137,1.2821,0.641,468
2025-05-01,10-Q,0000021344-25-000029,523,395,299,231,57,2.2414,1.6928,1.2814,0.5486,23334
2025-05-02,8-K,0000021344-25-000033,4,15,7,2,1,0.5548,2.0804,0.9709,-1.5257,721
2025-06-26,8-K,0000021344-25-000047,6,1,6,2,2,0.5146,0.0858,0.5146,0.4288,1166
2025-07-22,8-K,0000021344-25-000054,4,1,6,2,4,0.8547,0.2137,1.2821,0.641,468
2025-07-24,10-Q,0000021344-25-000061,702,576,318,253,62,2.5402,2.0842,1.1507,0.4559,27636
2025-10-16,8-K,0001628280-25-045223,4,1,9,2,1,0.7018,0.1754,1.5789,0.5263,570
2025-10-21,8-K,0001628280-25-045577,4,1,6,2,4,0.8547,0.2137,1.2821,0.641,468
2025-10-23,10-Q,0001628280-25-046054,755,533,328,268,65,2.5914,1.8294,1.1258,0.762,29135
2025-12-10,8-K,0001552781-25-000454,1,1,4,2,1,0.2252,0.2252,0.9009,0.0,444
2026-01-14,8-K,0001552781-26-000017,1,1,4,2,1,0.2309,0.2309,0.9238,0.0,433
2026-02-10,8-K,0001628280-26-006642,4,1,6,2,4,0.8493,0.2123,1.2739,0.6369,471
